name,link,price
HP EliteBook Laptop Light Gaming PC Core i5 16GB RAM 512GB SSD Windows 11 Pro,https://www.ebay.com/itm/264714553889?_skw=laptop&itmmeta=01JRDNKVMTV0CJBKFNGZCYP82E&hash=item3da2378a21:g:zZQAAOSwX41n7zAA&itmprp=enc%3AAQAKAAAAwFkggFvd1GGDu0w3yXCmi1fa6JnZl0PJbbL%2BlOGwiNDJWLS9n1y8eKd8oOnyDkr5Ruv4wm8zkjVPe7R21Hm%2FLYwPpX%2B5tVEaLhiia6gLu1m8Qbx318BCMu2OnlZA50%2BSVb92uQzDk%2B4pZcNByKr4qA5FClUjpP3sid2M50ugZQIo6CdCuhBGCgDh4WSJIbUq1ReAcF6k3O3UB7jJZX4tRmr7wk8DAr1lK0Ra4m5IRfaMZuCHWlTzfeBqCvfpqWJSyA%3D%3D%7Ctkp%3ABlBMUOa6z7XDZQ,not found
"Dell Latitude 3310 Laptop PC Computer 13.3"" Core i3 8GB RAM 512GB SSD Windows 11",https://www.ebay.com/itm/254654754368?_skw=laptop&itmmeta=01JRDNKVMTWCNPSP18796EFQX5&hash=item3b4a9b2e40:g:eUAAAOSwzktn9dpe&itmprp=enc%3AAQAKAAAAwFkggFvd1GGDu0w3yXCmi1eeiChS4Pan%2B9jtum342sREdKw64DZMLRXGBI5CvI9rHza8WSYC0z56YfpeQfWtzgQd8%2ByyhYY1AQmqYbhgofgzBGtUNJthicknQGL70rW%2FHx8918jFAD7kFVLdpzb4HoS8ByGnixCXBFV9vltbCXte2TlvZ73wKhSfxT5JcmQ%2BFUofmdMGedmNTNgOrR61Vfv1dCqN6cRsHTcIYEMaT8%2BoqAQ7qb4RVn7p07%2F%2BJskaPQ%3D%3D%7Ctkp%3ABlBMUOa6z7XDZQ,not found
"Dell Laptop PC Computer 13.3"" Intel Celeron Windows 10 4GB RAM 128GB SSD WiFi",https://www.ebay.com/itm/263591761893?_skw=laptop&itmmeta=01JRDNKVMTVFS9SC347M5WA500&hash=item3d5f4b17e5:g:1agAAOSwuWln8Ioj&itmprp=enc%3AAQAKAAAAwFkggFvd1GGDu0w3yXCmi1e8mLXZTaHCda3GF16NuH2yYk63oZK2emIrnYbiwraNiC0vk6SYSMq2mFrBlp%2BMXTXxEdoJWFYzG7MbOJPaH%2Buugcrm%2FRxpvDbiJoebpidy%2Fiu%2FkSFDCakIBMRHyB4gDbDtsuLDUVm0Ad97i1CQa1rD0WOoGvC%2BB7vQh6Q6HHY4B6SWcDyziXHyRDMBY%2BHUdJ0czzpVu1FyjRDbPqK6WUSg7c%2Bvndu9mLExEVdNFxCTCg%3D%3D%7Ctkp%3ABlBMUOa6z7XDZQ,not found
Dell Precision 7520 Business Laptop Core i7 3.8GHz 32GB 256GB SSD Windows 10,https://www.ebay.com/itm/256714410251?_skw=laptop&itmmeta=01JRDNKVMT1QZZAC5PW85K4J12&hash=item3bc55f090b:g:fpEAAOSwPI9n3~if&itmprp=enc%3AAQAKAAAAwFkggFvd1GGDu0w3yXCmi1cZY%2F3r6SuALPnFqEe4z%2FS%2Ftg%2BZlGGY2co7BKxNtxUhJSqjezxSDN2X5yWvNn6c71o9Ht5BeomnFMgQZmxZL1DWKAfXB%2BzGaK%2FzNpm7s1MJ7UgUPF9a0mrAEaC4t9d7eYXjf2Z80xEToEv17HBhI8tij%2FOIzkQYI290C1HnBrT%2FdgzGtCvYGsoPIpiTTFmqwO%2BA0vEmxUL4N2O%2Fqq1TKwf6%2BsN%2FGT3%2B9OdKn0B2rptN1g%3D%3D%7Ctkp%3ABlBMUOa6z7XDZQ,not found
"Dell 15.6"" Touchscreen Laptop Windows 11 Intel Core i5 4.40 GHz 64GB RAM 4TB SSD",https://www.ebay.com/itm/335720448847?_skw=laptop&itmmeta=01JRDNKVMTRWTS0EPYFBRVPEBZ&hash=item4e2a7f834f:g:gvIAAOSwmrxn8W30&itmprp=enc%3AAQAKAAAA4FkggFvd1GGDu0w3yXCmi1c%2FDoji%2Fbn2XBqFVux9t8yLBf7xd5uE1uSvrqa4MXKBLarZYb5S5Jp9AYh4m2o6CwxT0GtPmJRnoWQ7U9gfQpXjJC1G9IMkLbIpl%2B0vsKODGm4MGSXTqAJspkba1rdV1RAg6QESeOGeq6rvpeIvJdI30mRECDIY%2F68x%2FRATdKKjVHBwn%2BA6TYFtUrc8zc0EBy0kfcYm2KFP%2BGh3k784kSYnjCSk21LtB4vzxq8AFi6OG8LIoU4enftl3I97GKfgUX%2FyUgbjYSbgeLXVoxSaTeO7%7Ctkp%3ABk9SR-a6z7XDZQ,not found
"Dynabook PORTEGE X30W-J Intel i5 1135G7 2.40GHz 16GB RAM 256GB SSD 13.3"" Win 11",https://www.ebay.com/itm/186741965956?_skw=laptop&itmmeta=01JRDNKVMT5GT4W5T4CZ33Q3X4&hash=item2b7ab04484:g:VsAAAOSwGh9nF1dg&itmprp=enc%3AAQAKAAAA4FkggFvd1GGDu0w3yXCmi1fJ1z1AVkjyt3KEQHa053HeXv5FSc14Y%2FhLJ53LYB3P2JkroqfsipA0gd7EbFLtQblAUmhlo2Hs5yil%2F4iQ3fwiqImbHJkSFh7t5GjXZQob0xMYF2iwyh01FC7IQPQYxQZhUu%2BuA0L8GYhPC2rHHyxUU99US%2FmBEUs13%2B%2FU4fhUGZGEQX--gMdLo1JZh92lqa9mlaMkiGpD2ltnNLVVjUiGQ4EdMj47XAy%2F0z7UYlS%2BHkN%2FqFIc7JKBGcTLP3FrOyb0RxrkPbV6OwnexX9XdrT7%7Ctkp%3ABk9SR-i6z7XDZQ,not found
"HP ProBook 640 G5 Laptop 14"" Windows 11 Quad-Core i5 4.1GHz 8GB RAM 128GB SSD",https://www.ebay.com/itm/254582474636?_skw=laptop&itmmeta=01JRDNKVMTT72K9PR7BTWKN1FC&hash=item3b464c478c:g:EhEAAOSwM6hn0vKp&itmprp=enc%3AAQAKAAAA4FkggFvd1GGDu0w3yXCmi1eidqUdU4Y5TVSG2GXGhsRUmBuRmZWVpBgGu%2FeBR5ErT071dVa5pUt2N9f%2BpSYbLl%2BfRhzSegisUiS4ukz4J9eB0VFKHcwdbm7GtkEclxZ6mOYEe63%2FQ5QuGPHb2w9cS8OIrFcKszNF79USqEy6u1rJup9MEsEUI5QD%2Byuk%2BEcQgs1CSjmSNaiKlAjDTaE4H4KfB8%2BY9o2MHVCWNOc4sMRkAdx84SYp5RUC3uff%2BWSMsnH%2FXQRPezYtkECzd4Z%2Fl5altZFsAvCTEszMIEx2O3MS%7Ctkp%3ABk9SR-i6z7XDZQ,not found
"Dell Latitude Laptop PC Computer 15.6"" HD Core i5 16GB RAM 256GB SSD Windows 10",https://www.ebay.com/itm/256520136672?_skw=laptop&itmmeta=01JRDNKVMT3B06C6RK15QQQSJF&hash=item3bb9caa7e0:g:fr8AAOSwo~5n9Inv&itmprp=enc%3AAQAKAAAAwFkggFvd1GGDu0w3yXCmi1c5D9LIbdqt6Y8UlEFirZ4dRw56kkc%2Fo5ILurMBsGnNUbX6otgvEHXGiIulCaiGYehf%2FY2vySAD83HTGDVTEsK3FOpzSKEBLvQrFdXAn9BaszW9qpAhWLfrtAkRB9CcTrHfCgCXYTNLvFYifrmDz7yEmPd73CyT666YE2F5WcAP6dvdlP7RtznfNSaHjhG%2F7o%2FoyLo7T1zzFmOYDjOJllw2tSkBQh0nVH5ibR9EEe8Rkw%3D%3D%7Ctkp%3ABk9SR-i6z7XDZQ,not found
"Dell Latitude 7210 2-in-1 Intel i5 10310U 1.70GHz 8GB RAM 256GB SSD 12.3"" FHD Wi",https://www.ebay.com/itm/204678924948?_skw=laptop&itmmeta=01JRDNKVMTM863NMYTST7BG1QW&hash=item2fa7d08a94:g:jX0AAOSwW5NmTAko&itmprp=enc%3AAQAKAAAA4FkggFvd1GGDu0w3yXCmi1fcfZdIC944TE%2F5BfT5716aRF%2FTmSprs5Xc6qryx%2Fq4444UlSLtSJWDeuL9YTZPTpgeNjJrNnHRK7A6OSih%2FuHYQOCCJC6zBBg0KcMPSKYo3I7Rrxl1LHkQHKUzVX6V1vFvEsDUsfjoHFlz8SW218dYNsDlTF01GblaRTsoyChCgKvmSUu72CJg2PxSz2Z4O2psWkaPYsZvgwN2ExHNJB2XNpdNSIDgmAA6B%2F04zz5dD3CXSPk5V5nmQ5OUv1rkkAMlhltjxOrdzcktoYjk58xp%7Ctkp%3ABk9SR-i6z7XDZQ,not found
"15.6"" FHD DELL Gaming Laptop PC: Intel i7 Quad Core! 32GB RAM ~ 1TB NVME SSD!",https://www.ebay.com/itm/116528001029?_skw=laptop&itmmeta=01JRDNKVMT0BZ97Z9980RBEEC5&hash=item1b219c3005:g:K78AAOSwziRn3DeY&itmprp=enc%3AAQAKAAAAwFkggFvd1GGDu0w3yXCmi1cJBXVk%2FWN9%2BTNV%2BF4ifvUhqgnqQd2GRp%2BIUASnlXfV%2BDczv6hxNuzaevgAMoHiYHCom%2FxLvnzfJSme8WYLmUIWg0E%2BjFy32NbB%2FAsCq6Doh4AGxbNfIJEgI4%2BlBB4OaIr5W2DdUSeeUOlM7QIoD4dA3uJBdyscoY9AqUA9C0SHy4VXk5XxmYRq3DZxH6fBCWQyyPihz5s4HdxWIZrXU%2BmuePIvNDh2FChcpU%2BsNq315Q%3D%3D%7Ctkp%3ABk9SR-i6z7XDZQ,not found
"HP 15 Laptop 15.6"" HD Pentium Quad-Core N200 16GB 128GB SSD Webcam Win 11 Red",https://www.ebay.com/itm/305542356538?_skw=laptop&itmmeta=01JRDNKVMT9RXFTBFEBVB1HZWC&hash=item4723be5e3a:g:E9YAAOSwFklmMoOx&itmprp=enc%3AAQAKAAAAwFkggFvd1GGDu0w3yXCmi1dG%2BdmL8zUebF2VmkX03czN1qBqiH1sY0w7Nccitiy6YDU46mVyf4bCFgRK%2F066rUHZTAFc5fTCFOyJfZt553hGQC%2FKqGrO9A5xFBIl2apKAMjTmqX59GOEpAeo7Ede42kir5qYM%2BbUtNt9J89hn4U%2F184pZP4C8DYna7t%2FydVgJp%2FPzZVq7lYFta5%2FnVlE40dw0TyAEE%2B%2BaceBufE%2BV3HRe8SeQ4bfWzWWtnTJ94hSwQ%3D%3D%7Ctkp%3ABk9SR-i6z7XDZQ,not found
"15.6"" FHD DELL Gaming Laptop PC: Intel i7 Quad Core! 16GB RAM ~ 1TB NVME SSD!",https://www.ebay.com/itm/116507650119?_skw=laptop&itmmeta=01JRDNKVMV87ER0HS1CS466G4D&hash=item1b2065a847:g:8koAAOSw1rhn3DIb&itmprp=enc%3AAQAKAAAAwFkggFvd1GGDu0w3yXCmi1cwkSvjn09KIXE4GaWgqJo%2FvdRioVSGtPPDaswGvJ8nm2%2FzOo4pEW4ef%2BYjXaUfOLNUr1pfQros8HKFyOjzphI6psUHD7tuEFxT9%2B3XFjQiS3AMPkkoGj5fYE%2FsZdNnvRWRmEfSEa1hfawRa4pXsMle30xLxEjvcme4osObXZ375ZrV--qr%2B4wDzXeYJG5eq2poMGkOkblED7DmKnmT5l15hXbZDoOtRtgq2GbliKyq5w%3D%3D%7Ctkp%3ABk9SR-i6z7XDZQ,not found
"14"" Dell Latitude Laptop PC: Intel i5! 16GB RAM! 256GB SSD! Windows 10 Pro!",https://www.ebay.com/itm/116057255669?_skw=laptop&itmmeta=01JRDNKVMV04PZ21NMSXWGA7Z4&hash=item1b058d2ef5:g:QzQAAOSwJZRn7q3S&itmprp=enc%3AAQAKAAAAwFkggFvd1GGDu0w3yXCmi1dNQk213YVf4a2RrWjvXNwUICOAEkJzTu7xtVMC0HuOGDGPeg69Q61xBXhGYFJ%2BRNk0WJSmLi6UWsoqsQloEkgaVwLLiLNAno5uFqObwXHfFUj%2BuxLqzF9OWGeEav%2BtrEAuDB6IlFc1t%2BQSMS2SuhnjeHHb%2BtNrjgo5i4kZAIdVTUvSoIhyYWY7KfeJS8eTPUGaAgv6woyjTl6ueA3ep2hwayGrMszaWfzHqDphuzqzRg%3D%3D%7Ctkp%3ABk9SR-i6z7XDZQ,not found
"Dell Latitude 3310 13.3"" Laptop PC Computer Core i3 8GB RAM 128GB SSD Windows 11",https://www.ebay.com/itm/284867887623?_skw=laptop&itmmeta=01JRDNKVMVMHGY0JQ8EFTCS5C6&hash=item4253730207:g:96MAAOSwcf5nidHj&itmprp=enc%3AAQAKAAAAwFkggFvd1GGDu0w3yXCmi1dAJgWHvpm1zW4t5Ovr9ByrPioS9DPIecmhm4hJcVac0Va7X4SMm3BOpFVPkCc2RJknkvBE3tberrXXUPBePiujxedV%2BjCjdmHoDHq%2BLQnyV3V5Qm1IpndQEmo25P271NIgsh5ggnIxr869u5q3rPT%2BQFU58LKWKG%2Bu6jJtMxKKpAv3zDOPXXY6VoZL62FpLV2d0OsRzvserwU%2B8vPIW0FU8aLZRjg0aaePVHVRJFFL1w%3D%3D%7Ctkp%3ABlBMUOq6z7XDZQ,not found
"Dell Latitude E5470 14"" Laptop Core i5 2.3GHz 8GB 256GB SSD Windows 10 HDMI",https://www.ebay.com/itm/254754472823?_skw=laptop&epid=15032171267&itmmeta=01JRDNKVMVC8SNM3HKZ8N6RGY2&hash=item3b508cc377:g:nEEAAOSwOpxjt0Ka&itmprp=enc%3AAQAKAAAAwFkggFvd1GGDu0w3yXCmi1cFOXFrEX1K2EXFWO8f5b0jYQCOzMPf%2FAj96yweA45xM0GlBCN12xgehuxqTAK5SLe9V3RIHpDkjowATUL8pQ3Cz3iJYLj1pupPdGc2lBgewJUefsnDT0Myqo05noIP%2BPYqmxcTTyuGtamjup8ZHxXs5fW41OIyMajgrByYC7ayQVDWsn25kDY2A99T75RFfb%2F2i8%2BxJVfnP3uMF9vzGxmJJsqYxcQ1c%2FHIehNTiQSxDg%3D%3D%7Ctkp%3ABlBMUOq6z7XDZQ,not found
"Dell Laptop E5470 14"" Intel Core i5 8GB Ram 256GB SSD Webcam Windows 10 Pro HDMI",https://www.ebay.com/itm/265369330737?_skw=laptop&itmmeta=01JRDNKVMV595TP4HG157PYAKZ&hash=item3dc93ea431:g:iU0AAOSwz3Vk4Dp5&itmprp=enc%3AAQAKAAAAwFkggFvd1GGDu0w3yXCmi1c8FszaCBbQ%2FOlUluvQp0W1S%2F5A%2FA1qSH5PeAXHX9qz%2FC5hTF4osIxvnMNZcI2sICZjlrrdKIbzaBPXmrTVLcoahfujkboGh0GfUTQoCemCZe4toY5EfJoxI6fXgSRyMTarDU6%2Fi1%2FWFJgUxrAAOeVffm%2BoflcyfVMrsbeySLzDdozh%2FEmHjJX8fBQvF4%2BNho4VdI0yhqyy1gsRXsIVuKngfXWAR%2B9jMYbLwLCLIBEKDg%3D%3D%7Ctkp%3ABlBMUOq6z7XDZQ,not found
"HP ProBook 14"" HD Laptop Computer Intel i5 Up To 32GB RAM 1TB SSD Windows 11 Pro",https://www.ebay.com/itm/286393092388?_skw=laptop&itmmeta=01JRDNKVMVB291F4G33FPH9CS0&hash=item42ae5bc924:g:fjMAAOSw14BnzGG-&itmprp=enc%3AAQAKAAAA4FkggFvd1GGDu0w3yXCmi1d1pm5LGV3qRY4q0NGF3eS2lTSq3SWGZoqfx9LlwwMQ06HTMCsjLQSbM71h1keBUDM9MN14ElISEJ5CBYi2%2B8towl58785%2FRdGu1J6Mz9FIW9RQSn6eSLH4BT9OK4mNFIrBeJBTsWcB5V28pCW9Kub%2FJcZEVoghBkln76whS%2BbYPC4i4Ch7AsNyFfkUUUBqeAD24%2FZvFSZDl0KEt305sVHhHNEVctcxMjPmAJrBiXnyz60zElmeRO%2FcaqlJ0xFc1wmelvwJZLU%2BC6nNeJQzxo%2BU%7Ctkp%3ABk9SR-q6z7XDZQ,not found
HP EliteBook 14” 1080p Laptop AMD Ryzen 5 PRO Up To 32GB RAM 1TB SSD Windows 11,https://www.ebay.com/itm/256879744174?_skw=laptop&itmmeta=01JRDNKVMV7EYSK1755E27R811&hash=item3bcf39d4ae:g:9VIAAOSwj9xn7UhW&itmprp=enc%3AAQAKAAAA4FkggFvd1GGDu0w3yXCmi1fyIOyX48EGcv06%2Bx5yR4j%2BYgBRxMvj4viLWiw2aSMvGhtiuks%2BwkVhpkWmHJ58EFVivxb32pTLq4QaYesJgZXpYQrFG2xqyPqVlCkFBE2NZsjSGmlSo1VGXmIEOiFtnG8kkq2diHmni0HTh3TaJB25kT4dNMz2qlFELDN972q1tzRh7azXKCBfDpilS66zHhnK86q%2FX03TSJPbvRqZ6pcvyv98AX5fJoMhiPU96Fh0jJY8g5CeJ1sGjvbEqLGtKCE4DApWw688fM6ojNOdG%2Btj%7Ctkp%3ABk9SR-q6z7XDZQ,not found
"Dell Laptop PC Computer 11.6"" Intel Celeron N4100 4GB RAM 64GB SSD Windows 10",https://www.ebay.com/itm/254170214367?_skw=laptop&itmmeta=01JRDNKVMV47W26KTVA573ZMFK&hash=item3b2db9afdf:g:ipkAAOSwCmdn72mj&itmprp=enc%3AAQAKAAAAwFkggFvd1GGDu0w3yXCmi1eiw%2BylSIPDjeO1gH%2BSHaPaSJfwsiCKXlRiIKrLm7qh2NacgY5LFugWoOZ0DPjyr8%2FBzj0wuJ0WfUo3R%2F3wRid0QUPK1vBeghI4fsS6q2FlIh5kSFdfBr%2BEp3Qv6WqR32hosG4DZu%2FE7dMLUMvK3RAYFNkLs74igNt5jerrJ0S%2FL46t1d9%2FtySQ%2BiOHQ%2F8rqlasGHdco2o1U3XXdEeS0Zrsfy4XwFVqTPmrAl5fGbviNQ%3D%3D%7Ctkp%3ABk9SR-q6z7XDZQ,not found
HP EliteBook Laptop Light Gaming PC Core i5 16GB RAM 512GB SSD Windows 11 Pro,https://www.ebay.com/itm/264714553889?_skw=laptop&itmmeta=01JRDNKVP1188XZR4090QT38MX&hash=item3da2378a21:g:zZQAAOSwX41n7zAA&itmprp=enc%3AAQAKAAAAwFkggFvd1GGDu0w3yXCmi1fa6JnZl0PJbbL%2BlOGwiNDJWLS9n1y8eKd8oOnyDkr5RoGgdqMxVvNQ4PG7lFpKBHnnK%2Bh9eXfl3egdGcCQgOsrbKjBmbqseovmxE3dv0qFApjJy4G3iC77OJFgu%2BzBoClxKPafxMgUFwzXrd8h994ESlhxibSkqyTxBkLdPsFOSoTOK%2B29P4ptOM6Dw%2Bb%2BjJs%2B7d8ZeVzJCyJkQzeYv8CZLWWT8391Mv8PQAYo%2Fn9C5A%3D%3D%7Ctkp%3ABlBMUKS7z7XDZQ,not found
"Dell Latitude 3310 Laptop PC Computer 13.3"" Core i3 8GB RAM 512GB SSD Windows 11",https://www.ebay.com/itm/254654754368?_skw=laptop&itmmeta=01JRDNKVP1G7AKGBREGY0BG990&hash=item3b4a9b2e40:g:eUAAAOSwzktn9dpe&itmprp=enc%3AAQAKAAAAwFkggFvd1GGDu0w3yXCmi1eeiChS4Pan%2B9jtum342sREdKw64DZMLRXGBI5CvI9rH4hm5qBPloZ5sgyFoNyq2YQ%2FHjajiI1m4EjDg18SvETq1h1l69Hs0metdTgd2Dx7ykNl1wdvuIT1OvIGhhG7Moq9gQ25lJImTwVzlEYCCvsd4wzr4v7gx7qL7MY%2FZBt30YoJktS9Oe%2Fkz9GI%2BpR1hjhsrPOpggKU169je4Q0bAwMNyYXgcjIrKHU7%2FMRxd%2BN7g%3D%3D%7Ctkp%3ABlBMUKS7z7XDZQ,not found
"Dell Latitude 3310 13.3"" Laptop PC Computer Core i3 8GB RAM 128GB SSD Windows 11",https://www.ebay.com/itm/284867887623?_skw=laptop&itmmeta=01JRDNKVP1ANPQH5XTF8F9A3EZ&hash=item4253730207:g:96MAAOSwcf5nidHj&itmprp=enc%3AAQAKAAAAwFkggFvd1GGDu0w3yXCmi1dAJgWHvpm1zW4t5Ovr9ByrPioS9DPIecmhm4hJcVac0fVlQs4o8drjk%2FOoRpfkMbK8cxsH97nAglGehC3Ygx8psCw7QE%2FAdqJ%2B7jLWJQmEdPATwrcU0LXIq0b0vL91wBALRZOlLjWjiEqEyraODV3Q3r87BlHrs1KAAafHFnJwJU1YibU6nxkiW9eVqOSkrKjYvAsua58nGZWxNx5oxOV2KOU8as4OKK0NCq%2BNF1SsNg%3D%3D%7Ctkp%3ABlBMUKS7z7XDZQ,not found
"~CLEARANCE~ 15.6"" HP ProBook Laptop: Intel i3! 16GB RAM~1TB Storage! Webcam",https://www.ebay.com/itm/116466542295?_skw=laptop&itmmeta=01JRDNKVP1AXRCHFKG94RZ5RBJ&hash=item1b1df266d7:g:lTcAAOSw5eNns7Xm&itmprp=enc%3AAQAKAAAAwFkggFvd1GGDu0w3yXCmi1fzIOVaGT4lQjmZuIsHK6aGDuCheGLqKYURMZnthkgg7sMxnOaNsl86l7koDCy6hFCUXlM%2B09JlhNDfVVTsxrHi2dIDwPu6kSnGR8VkwR88qOru0%2FjJsRLU1PG%2FpXtmzufd92SuqxKvoqRKr7h5LAKvWqZasc%2Bal%2BWmSIM2%2BZnBitcCjBWZssZdpkF3GcVYMdwZsN9TlsL08D9xRS9VkqD6BbsHR%2FCo6990QiCrFdeGfQ%3D%3D%7Ctkp%3ABlBMUKS7z7XDZQ,not found
"Lenovo Laptop 11.6"" 2-in-1 Touchscreen HD Pentium Silver N 4GB 256GB SSD Win 10",https://www.ebay.com/itm/264287625067?_skw=laptop&itmmeta=01JRDNKVP1WP94YCVA4W1T1YXE&hash=item3d88c51f6b:g:MXwAAOSwrlJn72~Z&itmprp=enc%3AAQAKAAAAwFkggFvd1GGDu0w3yXCmi1feMmJn19CDSjDTPdeA4r1KQc0SFEzQ6wM6tnA6Txof3mMUmKWjrbk4ASMfZyTE%2FwmF%2FYvD4%2F76w6HjGUpxz8bOuAJeMpmuBAZXYMaqpUvOc5l6uPf7%2FXlM1jYvhSgvNpT1pl%2F%2Bxf0YycWkbYubfg%2BzJix9t5lwgDMwZfkraENUQODGvkDyAp350m3qOz%2BijJviSxgs5j%2Bj8bx%2Bn%2BRKsjJWNYcL9oJK7O4SZ4A90HJpZg%3D%3D%7Ctkp%3ABlBMUKS7z7XDZQ,not found
"Lenovo ThinkPad T480 Business Laptop 14"" Core i5 32GB RAM 512GB SSD Windows 11",https://www.ebay.com/itm/286047394395?_skw=laptop&itmmeta=01JRDNKVP1E39S03CVW4PD2WQY&hash=item4299c0da5b:g:DKIAAOSwCbFn7euI&itmprp=enc%3AAQAKAAAAwFkggFvd1GGDu0w3yXCmi1cSjP7QtC5aIvsttx%2FRffUGKbiz7hGoY%2Boc8c36aAqyRMyTcdl1ejFMhkc68SNRJ2uzemk7s1IKukjay12qExS%2BbabfOTYOoqJIIOZwi5ZKKI5uOCJhVdZSD0JFB6gyhhWHLCTyNPrNxSiA9l3fZ2ltnXKZgDKTozPKWaUbephH%2BCdkImAKg32WNtBIDxS0DyTSSBm2bewvL%2Fbw0b68zIWYiCDBfpQhsqCJBuNHS0mqSw%3D%3D%7Ctkp%3ABlBMUKa7z7XDZQ,not found
"Microsoft Surface Book 2 13.5"" Intel i7 8650U 1.90GHz 16GB RAM 512GB SSD Win 11",https://www.ebay.com/itm/204283294855?_skw=laptop&epid=26062938811&itmmeta=01JRDNKVP1RS6HW6H6KBGJXQ3P&hash=item2f903bb487:g:0WcAAOSw6r5mTBjj&itmprp=enc%3AAQAKAAAA4FkggFvd1GGDu0w3yXCmi1dBoZsNhjBD5y3NHf%2Bt%2Bq3hlxkBQA7Gj%2FRs5xVIm9f7yFUSBEQT1GuVybNhRlkTg0bPRXCEnPigxa%2FuZuuZmHLj%2BKNWKJsg5DtA05trdhianHtVsnR9iWzqkUL65Fz%2BGtvEryDjax0J%2BQ%2FEJpbtLdkyVyWaF0n67CjagaRc3p%2BevPVUlFhvRO4wSFvxAsYKAAuZHvLMfRojND5ooLRZ78k4Cpq7Zilut2kY%2FmuE1JqPQxgryghUOuSUVBTTcGRWljK%2Fc6C7gQn%2FBvCEd9GaxzA%2F%7Ctkp%3ABFBMprvPtcNl,not found
"Microsoft Surface Pro 7+ Intel i5 1135G7 2.40GHz 8GB RAM 128GB SSD 12.3"" Win 11 ",https://www.ebay.com/itm/204925679055?_skw=laptop&itmmeta=01JRDNKVP1QFSHF6HSTSH9E9C4&hash=item2fb685b5cf:g:XSYAAOSw9B1nKVxw&itmprp=enc%3AAQAKAAAA4FkggFvd1GGDu0w3yXCmi1dLbZQmVN2JjXP%2FiAbRjoOCoUD66w8aM7c7pnPPNEfZ3Xpa7l9FQIAwojcpVvB7fWMu6ddrahkBYMyiPmHaRTrf%2FA4zmJ8ssAjTXDI%2Fmdw1rudNUVe5eKEY1D%2FYDcO%2BYqZWlITMbOxtmAFLFgin%2FHk5A7dCgD%2F%2Bjl7%2Fop3oX2iX0JY4GKHR7vMK1qSzLpLRpWIualAJDR1ehhfqugz82md5VqMbR3e%2FuZvzeBTBV47Y9EvLod47joXWo7fXJsE8WLoq51Ko1zurff5J6EtfW09j%7Ctkp%3ABFBMprvPtcNl,not found
"Lenovo LOQ 15.6"" FHD 144Hz Gaming Laptop i5-12450HX 12GB RAM 512GB SSD RTX 3050",https://www.ebay.com/itm/126480962681?_skw=laptop&itmmeta=01JRDNKVMV3FSEGJ7AJ5QNQ66K&hash=item1d72da5479:g:KeEAAOSw~gFmQyw7&itmprp=enc%3AAQAKAAAA4FkggFvd1GGDu0w3yXCmi1fuGvOJtpwpC8Vw%2BWZrlz%2BkmQijl%2FUOH9kHHXJr%2B4LHHueVqhmuGpUo3kM%2FDe5Q95zGQqHPiPf7reEnNGSKYpo0cqjfa8Yx8WJvpb1oQ1yKjuqwn9b2mAumUnStdsNSCKYxzCzWgj%2FqF1T5yWu4R788Gn6a5U9jzazspHtG8VSP%2BzhvStuc9C5AqFNqeOoATeZQwJ8TYldtpzvaaz8krnaGcAlnhdE%2F0JNfAvzJeqGAMqjMKtJKSOmPMivjp%2BKOYh--SfWgkyzrua1w%2BdfW4PkF%7Ctkp%3ABk9SR-q6z7XDZQ,not found
"2024 Lenovo IdeaPad Laptop Notebook 15.6""  Intel Processor Upto 20GB RAM 1TB SSD",https://www.ebay.com/itm/126716305927?_skw=laptop&itmmeta=01JRDNKVMVA0J5TCK96D01JF4P&hash=item1d80e16207:g:2YQAAOSwoqxnCBl4&itmprp=enc%3AAQAKAAAA4FkggFvd1GGDu0w3yXCmi1dR0xxtGBF17ijuj0mVffLeul9L26nAP%2FW%2FAqMwiwaNtvK2IyAjPYmghTEi4VcKh8Z0D3ST22u6QZJ6Ce4MkbGsL1EoZCUVHJKGNWez8ri8hW3qX%2BGPKpF5OLtVPG5jQjn9chA0L1fPFclSZXet8UJWX01s%2BJx4br033BtNiEzRJl6ZKVGnfaJuRtHSGm0%2FQytNbh7RHly42%2BRDMcwet%2Ba%2F0qJy%2B%2F6zsw5%2FDZhGO1NCWsJsrsLHs8GLsPksK7N0vdvwNGJi%2Bzz24mmBr3N1asI6%7Ctkp%3ABk9SR-q6z7XDZQ,not found
"Dell 14"" FHD Laptop Intel Quad Core i7 4.20GHz 64GB RAM 4TB SSD Windows 11 Pro",https://www.ebay.com/itm/335762770305?_skw=laptop&itmmeta=01JRDNKVMVFQQPG08HWP1XM9A5&hash=item4e2d054981:g:T3wAAOSwR1BngY1o&itmprp=enc%3AAQAKAAAA4FkggFvd1GGDu0w3yXCmi1c2xDea%2FiR30bo9wUH6uNuYWLMVU9kzKNWrQeI%2FKbDO1Rhtrr2hmPRrMeXaB5WAFHhqJ1FWdGa7gkEP5TiF0VWkyLSPsPSS3qH28UzlRyy7GPBnx7vgrbIFRk5McTIusoeFsKCxCJNKiJhyrm%2Bx2wYtD1DxwPpesc7r599FeXBvht9Q8NlTgh3QqMl5VFCyF7QZ3MKlKb3mBi60SK65zZjxt6N2mEyKEOoHLTleHc6WdfGwZM%2BgtEtBOc0W%2FkdLezFaYtRgvI%2FohtyQTBs%2F9jLm%7Ctkp%3ABk9SR-q6z7XDZQ,not found
"HP ProBook 640 G5 14"" HD Laptop Computer Core i5 16GB RAM 256GB SSD Windows 11",https://www.ebay.com/itm/283951308518?_skw=laptop&itmmeta=01JRDNKVMVRG9BHYC465P42S5Z&hash=item421cd11ee6:g:XxkAAOSwGlZnyPx7&itmprp=enc%3AAQAKAAAA4FkggFvd1GGDu0w3yXCmi1c1Y3tom7f%2BQSegh8fSpbK98TBU9buQo2wcnLdUHdGlmlnJzwlSRxqaksFgVshqGRd%2Fd1yBcXZdnGzn4V9mY3G9VXtn07YbeX2HOMPOB8MsSVAZRJ37jlSLhdHjxxNY%2BVzgcV%2FXrDkmzP8eKrp2jGnEWXrwgFH9jNc4WA%2B6%2Fl3JG126f%2F4mqkmYypeFe74%2BZ%2F2CHM9%2BAq7hJ2ZBDS2oV94OApzyXrlsrd%2BvC7SC%2Fy1C8Q6anFqUB%2FLFRuEYPX15qy%2FRSde7njt9P8Zx7KGrVFkz%7Ctkp%3ABk9SR-q6z7XDZQ,not found
"~CLEARANCE~ 15.6"" Lenovo ThinkPad Laptop: Intel i5! 16GB RAM~1TB Storage! Webcam",https://www.ebay.com/itm/115839581444?_skw=laptop&itmmeta=01JRDNKVMVQHRFF04ZP6VGPCK9&hash=item1af893bd04:g:l94AAOSwxt1nuJLS&itmprp=enc%3AAQAKAAAAwFkggFvd1GGDu0w3yXCmi1e4kJ%2FhP%2FS5dLVhYLFA4UNfq6q8qf7wMpxGrPSluDwJGbmY3j0WAlZQGCcCMiFELH2lhstdAUMd52ySTkICSH9vYMR%2B8eCDDiv2a%2BXb6YXxAQ%2BwSG1SNdywxP7B9t%2BSRMWOqbWZK%2Bo8%2BbRwOm38pzfbJzW8U81m5OHtN4zin%2FJGnwxjiBhT74tjdaBYzphrp52Vh5q8pYluTJsT%2BEn9MIK1ez3l4AcrGFYIu%2F95UYyKig%3D%3D%7Ctkp%3ABk9SR-q6z7XDZQ,not found
~CLEARANCE~ HP EliteBook Laptop: Intel i5! 16GB RAM~1 TB Storage! Windows 10 Pro,https://www.ebay.com/itm/116476070167?_skw=laptop&itmmeta=01JRDNKVMVD8MMAHE0WCXTFJ08&hash=item1b1e83c917:g:UQ8AAOSwYvpnq-lM&itmprp=enc%3AAQAKAAAA4FkggFvd1GGDu0w3yXCmi1cujeLgIvEyO%2FeufU3f3FW3AHbDyRH0wwS5ktGVNwGEHOJR6D7kibnRb0TdtsZ9f9RImBAWf9L0J6ROWclDthZ57zWjpucnW0OfvmQ4cPGpJ4Q7o2hRp0YrktXe4%2FrUQxd8%2BRpBX68QiJCZskqb9vb10W%2BbM2KPAvoVYeoZHsQKCo7U8znx6pe1h3Tm8eMcyNroI3cjhu2ANLACu06yxeUPXOCmPqc9jfW9ZKNEybwkfDrhADkqTCjSIJ8C%2FiNWwALWHJBvFtRPlanyjYQBM%2FPY%7Ctkp%3ABk9SR-y6z7XDZQ,not found
"ASUS Vivobook S15 15.6"" 3K OLED Snapdragon X Elite X1E 78 100 32GB 1TB SSD W11H",https://www.ebay.com/itm/167402765654?_skw=laptop&itmmeta=01JRDNKVMVKCEFVFWEJ6H9H5HN&hash=item26f9fb7d56:g:EbgAAeSw40Bn4x5a&itmprp=enc%3AAQAKAAAAwFkggFvd1GGDu0w3yXCmi1fsGDbzgNOWWE7UcoNAEVgRy3jWCBvlGZu3rm6Du0xwxOig1kPrs23ubiN5SLR4PNr8Fqkt34AyJ%2BTKN2YC29CdZo%2FUaktTA8NWehR0ih%2FXFRNfX0XJXvqo%2BmEZzKo5ZlGERNLEWFEjXdZlelj08ipyYAGAC6Yqgrg1erh4pnSXnHVNf%2BUrz5B53csbZ1ol3FZ%2Fo2H4HkQ26HEKtNLpEgqjm5EO94q9qnvWX7QEXV%2FUQg%3D%3D%7Ctkp%3ABk9SR-y6z7XDZQ,not found
"HP EliteBook 850 G5 15.6""  i5 1.60GHZ  16GB  256GB SSD",https://www.ebay.com/itm/306193488860?_skw=laptop&itmmeta=01JRDNKVMV0G6ZYC6Z55D2M8GP&hash=item474a8ddbdc:g:XicAAOSw3xNn3d-w&itmprp=enc%3AAQAKAAAAwFkggFvd1GGDu0w3yXCmi1fpR5QrR9GQ6pccmnWjFB7R755CbjWP%2BxacYPG3Ltmit5OCoNUN5aUhexrLK%2FHS94895Ow9Vwk1%2FNw8Oep7Xa%2FVkLOLka6lodb1rmEyF%2BaFofWMZVcMg3qSd0E5b7hYxFz6HVLHjjgTi10AflxEtzMVkAr1cEJCITtZQybEcMDKiTcjp4s42E3l4R8bjnDGOs4F14MDSye61kC5kj41MVIZhKQ3W2y%2BN6q9XnQAJoB4Jw%3D%3D%7Ctkp%3ABk9SR-y6z7XDZQ,not found
"~CLEARANCE~ 15.6"" HP ProBook Laptop: Intel i3! 16GB RAM~1TB Storage! Webcam",https://www.ebay.com/itm/116466542295?_skw=laptop&itmmeta=01JRDNKVMVHGZATWJE19NR9A9H&hash=item1b1df266d7:g:lTcAAOSw5eNns7Xm&itmprp=enc%3AAQAKAAAAwFkggFvd1GGDu0w3yXCmi1fzIOVaGT4lQjmZuIsHK6aGQ3oszjW%2Bb%2B4vpkUhHn6K0U%2FhnLR2RCJu8sEyyk7%2FjZ%2BgRiVGlYEvDB1tqjzNBc76eXNCPl5aoowed5Id3V6pcvZdolKMvqIHB9lQgC8oug7hF9ShQW48rWbnrTR1pTNt5OJGV1IJA7PX%2BFqrXwYFBtdBt4RUGH1MaueoN3E%2BgoYnu7rOWLDoQkYt1Cghx5HQaOhce3IfU5OO5May%2B1hsdg%3D%3D%7Ctkp%3ABlBMUOy6z7XDZQ,not found
"Acer Chromebook C771T 11.6"" Display Laptop Celeron 4GB RAM 16GB Storage ChromeOS",https://www.ebay.com/itm/167368178552?_skw=laptop&itmmeta=01JRDNKVMV34WQVSKK9797CDYR&hash=item26f7ebbb78:g:pQEAAOSw4Hlnzy4x&itmprp=enc%3AAQAKAAAAwFkggFvd1GGDu0w3yXCmi1fhPIU%2Fyt0MOWJkr0nOCYzhNhqmPQtEqG4b1bT5YgBbey3iAVJwZe5avZA%2BS1DOF1yBx%2BNsQeV0eoN%2FVX9lAY9wgf4WZk4Ew6mMKsIMTzjeGc%2FSG5IUl98bje7bXWX97V%2F7a4sapkjkfHq0LHAeRCEj8VaiUnILEEPtRPkisIdmA1vkPr3EfMwiHdroH9HIx0XdPjKn6q2NVSPodNJCIvEncrjHY5d7VODewxB2H84rrg%3D%3D%7Ctkp%3ABlBMUOy6z7XDZQ,not found
"Dell Precision 15.6"" FHD Laptop Intel Xeon 3.8GHz 32GB RAM 512GB SSD Windows 10",https://www.ebay.com/itm/256496543516?_skw=laptop&itmmeta=01JRDNKVMVTD77FDXHSSFR3BVE&hash=item3bb862a71c:g:gc4AAOSwbUln52Ar&itmprp=enc%3AAQAKAAAAwFkggFvd1GGDu0w3yXCmi1cptDDleSTWh55dJxi%2Fi4nBKMp1aAx2cup%2BCn9IBVdIB4gA9OpKn4U49FrUhh9bbJuz5wMmVXjELIiG4eSToVR6j1z2qGefGU7M7oRNDOEW2igaG547tdRWwXd5L0BxAtQVfGvwq%2F6vZG7qQ7X5g2PklqfhsWBtLzXlFpR32RPE59YbiSEEY1g%2Bz15rJeatsCgZihA57iOt5EuQYcs2vkbH%2FDq8NCJ5asw8QiiaXvndww%3D%3D%7Ctkp%3ABlBMUOy6z7XDZQ,not found
"15.6"" Dell Latitude Laptop: Intel i5! 16GB RAM~512GB SSD! ~BACKLIT KEYBOARD~",https://www.ebay.com/itm/115892071413?_skw=laptop&itmmeta=01JRDNKVMV7HAGBVXQ5C0CM85P&hash=item1afbb4abf5:g:jmQAAOSwkvRnRKto&itmprp=enc%3AAQAKAAAAwFkggFvd1GGDu0w3yXCmi1eZWkIK5%2BaLiyLtuEQ3rZFb49jcD2S06oEL8yAOuN8PAO0Kz3HdXEsATuiQhKL8cmGkKd8jzHZW3Iz%2FtmCZpwd%2B43UvsT9PQLtynl8p0MIFjIGk5Bd29FQEBrf7uvtNdXWcUpWNuHZQm4ylXSfWgEKQmmip%2B6rPsNPN1dSm%2FK5VOqR4AqUNRRwPv6UwjV5k2tiyoIrT%2FXWo6ofhBAOP84hcdyUVZLG8mybFUhEDzfBATw%3D%3D%7Ctkp%3ABlBMUOy6z7XDZQ,not found
"2025 Lenovo IdeaPad Laptop 15.6"" Intel Dual-Core, 20GB RAM 1TB SSD, 1-Yr MS 365",https://www.ebay.com/itm/116546294649?_skw=laptop&itmmeta=01JRDNKVMVT2E73JVX7VYXJ91E&hash=item1b22b35379:g:DowAAOSwBIpn7Ze0&itmprp=enc%3AAQAKAAAAwFkggFvd1GGDu0w3yXCmi1cG6bkBoJcrkmGezXt1%2BqB%2B78ufqUCwD6eeKVeqLJ63M%2FyWgxLIzkOphMbGz6HWjly5%2BtIGEfwVWPwvgHaA8acnlhlqflUxsttDDvf8K%2BfuAsAiYryQiZbrgCeNtLxiKiJzCqmBGdj94tCPzAVqaQxtIqUpJCWBCSA05uX%2FhQehzbcpz7LNAFHzQ55Hi%2Bgsbf2YABH7nbI3nW9oRlHF7lUGMjeTYAXlyJJYfIQAGw701Q%3D%3D%7Ctkp%3ABk9SR-y6z7XDZQ,not found
"CHUWI - 14.1"" Laptop - Intel Celeron 2.8GH- 8GB Memory - 256GB SSD - HDMI Silver",https://www.ebay.com/itm/335503508427?_skw=laptop&itmmeta=01JRDNKVMVK0PTS7ZB5T3EHJ1A&hash=item4e1d9143cb:g:zfwAAOSwFflmC-Nt&itmprp=enc%3AAQAKAAAAwFkggFvd1GGDu0w3yXCmi1cik9i64kRojFIueNKj2hpv07sMKdF5cbjp7u01%2Bga%2F3Gqfsh%2F3P9Zl1mUpgopjpZ1gBj2v%2Br23ajehxz8t%2FCEPnY%2F0mgUD6gThM%2B7aPIriCMjkGfv3JnkirLGpQ5Uu%2B%2BOasALQDWUylsgS2j3i5pYtcQWBqxwdO%2Bpg9R3t9LKbMm7fFOqI9MOoB74z942nKDa7HSpSq1O2oY4mn6NXGlDFZPsr526J3R7npUSGiSbPtw%3D%3D%7Ctkp%3ABk9SR-y6z7XDZQ,not found
HP ProBook Light Gaming Laptop 1920x1080 4-Core i7 32GB RAM 512GB SSD Windows 11,https://www.ebay.com/itm/256776833046?_skw=laptop&itmmeta=01JRDNKVMVRDQYAFNQZQKA5YF1&hash=item3bc9178816:g:xBYAAOSwjpdn7eeZ&itmprp=enc%3AAQAKAAAAwFkggFvd1GGDu0w3yXCmi1fuEC2g%2F7LGRIcrst4ENEZcG8hi67vMph2jwAT37kWr42i2UP8PFcuAnQmPSQEvJlmXkahCABdFBLTSKurNwiNFkw2rgbce3C3bCuZmgXel1eTe4s%2BOsi5qVHjoRwF0HESIbghM4aWgrkhRH32Sz8xjdrPKav%2BiawA31sr5rWPmW%2FMwsViUFpmoo2sudpIilcPvy9Bigh33vWHC00TgMD5%2Bhbj5gpHaIFZsCF%2F1JwYmtg%3D%3D%7Ctkp%3ABk9SR-y6z7XDZQ,not found
Lenovo ThinkPad T14 Laptop 14” HD Core i5 4.2GHz 16GB RAM 256GB SSD Win 11 Pro,https://www.ebay.com/itm/256629770691?_skw=laptop&itmmeta=01JRDNKVMVZT4VX4JVD6BFKR23&hash=item3bc05389c3:g:fhEAAOSwbepn6zSm&itmprp=enc%3AAQAKAAAA4FkggFvd1GGDu0w3yXCmi1efUGBCSsv%2B5rVivDHmvaUH8Sdg2nKTmP%2F4XYxOgtLMoH%2Bq%2BikwzIo32lmW2cjxUCCKe4rOGwecew5H725drwJnps84KCTAt5xJgNamSikc3g4ac5Ok9S7%2Fsg%2FGPRXMyFLk4Fp1Ax2FyNk9r6sTVJ0vQeGOd8Ex%2F6oJMLqws6qtCJOFiUe3Dzq9tBrqGyQrDxmG0aqxPBGbAkMSeOgcM1484LoU4W%2Bwfhh09%2BIgoYZorHYFuGzRpKCV8qbRR4rQVlztOSF1FgGVP9dnB7s9LxXk%7Ctkp%3ABk9SR-y6z7XDZQ,not found
Lenovo ThinkPad X1 Yoga Gen 6 14 Touch i7-1185G7 32GB 512GB W10P PEN 2Y Warranty,https://www.ebay.com/itm/226646777622?_skw=laptop&itmmeta=01JRDNKVMVNA3KESXNMY21KYE0&hash=item34c5335f16:g:dQoAAOSw-8ln1XUY&itmprp=enc%3AAQAKAAAA4FkggFvd1GGDu0w3yXCmi1cRPi04%2F2GTbkw2yLW9roByCAnIcChqyjzKw6YbtUcJbT2qV9lW75Qm1IX0kZwA15f%2BCy17CsDCs57r80c%2BPWn5M6WpM9NMO0hUp6R2gnR9rIqCS02M33mEramGZBEVTVOW9514YkimC71jYz0%2Bi1LeD2OSsNuuecn68DZqG8DJjXR4a8kuK5YzcR5ZGTCOKg9ht05ApL%2BiazzglVRuz2oUUm4VQ40aF9IwwPfCL2akXtjozUkYUHOouI7TRPUqLvFLGl8NSMpKG1pcYtR%2FNJHo%7Ctkp%3ABk9SR-y6z7XDZQ,not found
HP EliteBook 850 G7 15.6” FHD Laptop 4-Core i5 4.2GHz 16GB RAM 256GB SSD Win 11,https://www.ebay.com/itm/286264158388?_skw=laptop&itmmeta=01JRDNKVMVDXNAHPWF4C93E125&hash=item42a6ac68b4:g:N78AAOSwb9Zn7elA&itmprp=enc%3AAQAKAAAAwFkggFvd1GGDu0w3yXCmi1dUmYMfZMi9MtHEbNBFAQ1NYLGDrssy11OiAKIys1dyRDTGDVT8GJd8OZ0UTTvkd6DdLqko6ydFF6huMGfMZ2W8VrOy73OH%2BIxSy%2Fp%2FzMrBAypAgIxC3yo3pIRV6YX7uNL7bJdVU%2BDMgzCmjIMxduoAHMTebSQ3bF98aq4RAFtEc1bU00%2F%2BMD8qaJNyGr6D2QM9n23ycCceKH5HUXk7AIJ1W9TGIVmMSEjIQpc3i430ew%3D%3D%7Ctkp%3ABk9SR-y6z7XDZQ,not found
~EARLY HOLIDAY DEAL~ 15.6 Dell Latitude Laptop : Intel i5! 16GB RAM~512GB SSD!,https://www.ebay.com/itm/116266481567?_skw=laptop&itmmeta=01JRDNKVMVXCYW6NAHN0X5ZKKT&hash=item1b1205b79f:g:kB8AAOSwc4JnLk2F&itmprp=enc%3AAQAKAAAAwFkggFvd1GGDu0w3yXCmi1c97yGintmYQbQk24jUpfg5KGR3opCiVR1uNaw%2FrtK5ofCNJR8LNr4vHMx5Sc1K04RiQCdkGlG93gUXUlSE8Tv%2Fy6c6chGa6MOsT1DaoGVGYDH03RXfjpzdxDuKSfclUyMj25%2BjwOCnt157Sbm5lSaQI9unu4LiluFUfZ0xH8i8H650Xg3WoDk6y7cL29NYsU2tPVBumHgpKGCXv6xC5bBSqk6uPHNSly%2FqHlpURyHhrA%3D%3D%7Ctkp%3ABlBMUOy6z7XDZQ,not found
HP NoteBook 15.6 Laptop PC: AMD Processor! 8GB RAM! 512GB SSD! Windows 10!,https://www.ebay.com/itm/115795487600?_skw=laptop&itmmeta=01JRDNKVMV0YX0TWBVY8PGJA80&hash=item1af5f2eb70:g:jGYAAOSw~YlnXFzr&itmprp=enc%3AAQAKAAAAwFkggFvd1GGDu0w3yXCmi1e8DFdUeEFRVMGYhVf1Jp2ptGEfY191IkcVAiPg7qLV6ZodyVHd5SrZUFzyEXhOq%2FbvSwN6SGqhmYAir6Jq%2BKCwkBqU2aAPDO6Z3JtxqYhhAoQ8ekDNCBnUJUUxF87uVdg32G5QTfNprDGd1b7C2%2FetdpWOJZV7RMj2UGqfUeihcJsyF3dJHf1PXE4EoSOOKSgNaumBkHECxPtwPmSMgP2cl3BGvOebKl6%2BJ1jzWK5kQQ%3D%3D%7Ctkp%3ABlBMUO66z7XDZQ,not found
Lenovo 100W Gen 3 Laptop – Open BOX – Model 82HY – WIN 11,https://www.ebay.com/itm/326349465754?_skw=laptop&itmmeta=01JRDNKVMV8GWA7NGYQG2RPS00&hash=item4bfbf1a89a:g:i74AAOSwFJtnQiPA&itmprp=enc%3AAQAKAAAAwFkggFvd1GGDu0w3yXCmi1dmXA35%2F5xVXPvIqyu8ZZZlf1CZ5qwZ3qdr9RNJZOQgmJUUrLo%2BPh8xMGogO245cb2vAQRl1klf%2FRx9z5Rzs3Duyrx4hzaXzDXwIi4Mbs5MrEJ97h40UVvOy0UgXT64hKeLAtCPNvcRPiC9QqDR98UecG%2FqWVtwvB8FUZrojZpl882ZzZoxBtPNs%2B4GpIzCiScfTzyv%2FX9LF%2BmTE3byWdGxdWisq9EFT3Ap5VNGP%2BJmvA%3D%3D%7Ctkp%3ABk9SR-66z7XDZQ,not found
Open Box: HP 15.6  FHD Notebook Intel Core i5-1235U 8GB RAM 512GB SSD Natural Si,https://www.ebay.com/itm/306130602722?_skw=laptop&itmmeta=01JRDNKVMVWQ32FG336VP77RF9&hash=item4746ce4ae2:g:uk0AAeSwm5tnuWl2&itmprp=enc%3AAQAKAAAA4FkggFvd1GGDu0w3yXCmi1cOkvnz4olNbCzvIO4XlDha80aL8aaig9fmpJ8%2FuhOtFle%2Fj%2Fuyu1jqZ9gR0JUi3UzSZooCyKGbojPF0bKEj9qZbJP49q%2BXZ%2FdR0xi%2Booi5xj8Bbp76z3koPFlRzOustBP%2F9aUVYXXgeLyfl1rGyqLja7BAngAUjCTUBCYZ7%2FJh2u%2BoOrLHF%2BnPRo1PCCPB1UuLv%2BzHkjPBcV3ZE1Q5ctvUSbWDtDxRLRQLK7zEYA48Q7DuRCzL2KZqe3SC0ixoIznXJRfDy0aB2yeOQFla4I0s%7Ctkp%3ABk9SR-66z7XDZQ,not found
"HP Elitebook 840 G6 Laptop Intel i5-8365U 16GB RAM 256GB SSD 14.0"" FHD W11P",https://www.ebay.com/itm/304614081091?_skw=laptop&epid=20044751486&itmmeta=01JRDNKVMVNNQB3SV8Z0H1XN5N&hash=item46ec6a0243:g:3ksAAOSwNrhnBrwr&itmprp=enc%3AAQAKAAAAwFkggFvd1GGDu0w3yXCmi1el7YJyzTrPgPxH1BWjYwUtjSUW%2FFhGAcEPZa%2BQWQ3wtvhP%2FYMzmutIba1gtukCKPApDVlAc7qFGOMfe%2BSUcRuBcqKHUIavTwGR%2B80RGoYScHtKC8kpnoBwNirMNqRxteMn2R9dyP%2FNpNwL%2B8Bx4EPRlPjQzip4NBlGKKa6q6i1f1lcxP0nE7TMYHUp3hurvUkjF%2FfA3L%2F8bZ3Xa5VOPYnAGpev9qHQThu200I17FbRBw%3D%3D%7Ctkp%3ABk9SR-66z7XDZQ,not found
"14"" Lenovo ThinkPad Laptop PC: Intel i7 Quad Core! 16GB RAM! 512GB SSD! FHD RES!",https://www.ebay.com/itm/115968527671?_skw=laptop&itmmeta=01JRDNKVMVTRRD011D72FEJ1ZY&hash=item1b00434d37:g:wJEAAOSwtZFn8C3b&itmprp=enc%3AAQAKAAAA4FkggFvd1GGDu0w3yXCmi1e0KQlx2TmcvJHxaWPrXpfngdelqVhXJFO8kVeAWJPSdQuisFlLDZorOpp1YgMUb4Lu%2Fj6u65wUNTBAHEkNmchWnn9S0r%2FfxJgsA4prfHl8%2B9tsFCxtd9wBEnqVwt560NfqWpk2jbix6sCYD%2BvSFmAi1kaQTWsuHPBaGMMg6N78lry83tjYlvLk5gH5AjaCkl3QQIwc%2B6jm0KjMT5zMzV30PfukhpwdNQ5jsBnJGP6FT4GqYNCDPwEPCagu%2BBSCTTiwynn3YNb4xbNbOQ6DnajU%7Ctkp%3ABk9SR-66z7XDZQ,not found
"ASUS Vivobook S 15 OLED Laptop Intel Ultra 7 155H 16GB RAM 1TB SSD 15.6"" W11H",https://www.ebay.com/itm/388125306683?_skw=laptop&itmmeta=01JRDNKVMVXDBV9HVJJ42CDV08&hash=item5a5e122f3b:g:SlwAAOSwqKRn3eGT&itmprp=enc%3AAQAKAAAAwFkggFvd1GGDu0w3yXCmi1dQxgqG7bI1fCEpA40VL0mpw5VywbjI2S%2FV7EF2aESh%2B5slRoDqHmaHjZPMAlVi3loZuGbh3UoHG6Lu8pAvFuJ5YWbkTGpjm1R4kHfugNzEPT8zkunitQLOREAejJKS3V76uMO%2BDDgjGDFAy2KIKujK8Af%2BpdKuudzNeNA5r0PgssSIlswW2NpozKmjbgSULjlXEiK9BnM8G3PQLIx9NXLTedyA%2FgFhuaXrXiChdedMQw%3D%3D%7Ctkp%3ABk9SR-66z7XDZQ,not found
Laptop HP Windows 11 CORE i5 GEN 6 - 12TH GEN 32GB RAM 1TB SSD WEBCAM WIFI,https://www.ebay.com/itm/115777670869?_skw=laptop&itmmeta=01JRDNKVMVZNEG1FBXKSGCWVK1&hash=item1af4e30ed5:g:onIAAOSw17hk3WLf&itmprp=enc%3AAQAKAAAA4FkggFvd1GGDu0w3yXCmi1fJ%2BI8YuPEtmSE%2FYeLRp1w7R05KScqSa3Oqhnk0qWCn1fYCTy87wAY8nK7SLXAgm%2BdoA6VUYK2E8CEdBFSb%2BRC1gV9iqXftWVgydcbCshKV7p93ktvQKl8aH2DtixF%2BcjrT1R7OQDhgTJszOOYVSSpPz0rtV4UdlqpZJ9DAfAwZh%2FMqm68DSQrnXEnfFnPr5tyYPFuIz5b7paP12K%2Fv5hDbFqu5RUdeSYodnfL%2ByuvwPUy0CBBCJbJCPNlZf4NilDZOVtwjMIqSLofFm7zXMlR8%7Ctkp%3ABk9SR-66z7XDZQ,not found
"New ListingDynabook 13.3"" PORTEGE X30W-J Intel i5 1135G7 2.40GHz 16GB RAM 512GB SSD Win 11",https://www.ebay.com/itm/167437715384?_skw=laptop&itmmeta=01JRDNKVMVBSYBQ2N5NQFWHBQM&hash=item26fc10c7b8:g:3xAAAOSwnkFn9U16&itmprp=enc%3AAQAKAAAAwFkggFvd1GGDu0w3yXCmi1chz7Esh7vBVIIKtYdwODA46o%2FVtJ0Wm5gMorZubXYnVKp84zFxaiYPTcMvOMpaqRK%2BpOnyJmyX40Yd%2F7OrcA%2Bn0LDFzSx1YzKvN28TgyoXt0AVeazWk4G04v525SN3rncmFPoL9Z1XZlJuBms1MSGe%2FdfJQoL5FEbbgmFw9AaKUHc7OQ8IBckYgAw%2FnN8ETQ4pOHJ9Crkv8GFHsvHVxyRrJ69zStiqNID0xya4NM3xtA%3D%3D%7Ctkp%3ABk9SR-66z7XDZQ,not found
"15.6"" Lenovo ThinkPad Laptop PC: Intel i5! 16GB RAM~480GB SSD! Windows 11 Pro!",https://www.ebay.com/itm/116069717012?_skw=laptop&itmmeta=01JRDNKVMVJ6FAHYRB9RBZ2BRF&hash=item1b064b5414:g:cEMAAOSw~uZnQKlj&itmprp=enc%3AAQAKAAAAwFkggFvd1GGDu0w3yXCmi1fBuDCoQL17ijc5o6OaL22He73vwiLA%2F6Daqzak7LnSHW8HmEqbsuJKthRPti8xe98wuXwP2g8aLaU8YoiA4JIEm1gsbVoBiE3nZ4Qccl021%2BTgAIRnQlZ4IMOUYbpBPchAOB67P%2FZJVzawDHu20ncMX99kSQoIExMsBmDgUZ2w3zFdL9KXbfjZyC5KFJRCj6K%2FdWC0lqog%2BBFGaMQ0MpK8OFkdddj3dUBTvj579Tm9ew%3D%3D%7Ctkp%3ABk9SR-66z7XDZQ,not found
"ASUS CX1500CKA 15.6"" FHD NanoEdge Intel N4500 8GB 64GB Military Grade Chromebook",https://www.ebay.com/itm/167025758236?_skw=laptop&itmmeta=01JRDNKVMVC4KXJA55F6SZGF6F&hash=item26e382d01c:g:xp8AAOSwUahnFsRF&itmprp=enc%3AAQAKAAAA4FkggFvd1GGDu0w3yXCmi1cs2fHJxL6Q7cXBObbComfvEVKgYTkNCTj265ebw9Rx%2Bj8m1FqRVCB1%2FYb0iEVPRyBxLabW6VJTS9JWIWG2BtVoUxOxicByo7yCvmKW9TUi3p4Ihmy5Dg581Tqr4C7pdy8hz8fNYbBOOuThxg9Mt7AV58q%2F6immEowJh86nuETgbYXEW65m5WgLMah1U4EEYill8Ii5shRrDgUudayiRxsJRc5RX2F4btF%2BykL1W%2FK5wfD%2BxYQvW%2FwM4uVAgwTX3qtP9s%2BWeqU8tPSwbzvDZUeS%7Ctkp%3ABk9SR-66z7XDZQ,not found
HP EliteBook 15.6” FHD Laptop 4-Core i7 4.6GHz 16GB RAM 512GB SSD Windows 11 Pro,https://www.ebay.com/itm/286224694034?_skw=laptop&itmmeta=01JRDNKVMWKT3FEBQHPWA7H2QM&hash=item42a4523b12:g:56wAAOSw3yxn9fYb&itmprp=enc%3AAQAKAAAA4FkggFvd1GGDu0w3yXCmi1eFGMBDPQ0TSqDuCWj%2BXV2SIQK08y8TIy4rdB0l5M94%2F4JfzKHOeP6KUWOEmkyoSC35VPxQJxh%2FuVtLmb%2FJEmbMI7q0qxBloKrNNd2iHdXRyKfT8JyVTkD8oaodi7Ti3CNF3t1TTjs7%2BKofHJBPt2OzFjDNC37nmYJN0zF6pq72ayUsKmQbDrXgXGLn2OqkTLmikDo0rN3MySpGolx0R%2BFCGV0XljrgHgZ8AcTtATZC6YtlAdtGX2lbqiNiu2465T4xsvibGcHoYIE92mwrYLj7%7Ctkp%3ABk9SR-66z7XDZQ,not found
New HP Victus Gaming 15.6″ 144Hz FHD Ryzen 5 7535HS 16GB 512GB Radeon RX 6550M,https://www.ebay.com/itm/305926090649?_skw=laptop&itmmeta=01JRDNKVMWJ7SM28YFPY9P3VMB&hash=item473a9daf99:g:ypAAAOSw9ahnQGCj&itmprp=enc%3AAQAKAAAAwFkggFvd1GGDu0w3yXCmi1cuiwvQHbgp%2FgRLoeqdOa9h9W5gBfQr46CAzBFD4U4jKV%2BduUIHI1eQeJyAljaSerJpYK7VXSIznJuUtIKq3nNEyM5zTCBW3btXgeK7N7B5s0alOp7tmfnX7ZzsK3WSPF2w5DqjqMye1s1yrcRkGlVnssyBJmHX7In8wYq1FVKXrFAUfO%2Fg%2F2cZylnjQABHOqSG%2B7hPPEC%2Fd0vO%2FVUcnH0jg7J18UBFIzZdFSk5jjcY4Q%3D%3D%7Ctkp%3ABk9SR-66z7XDZQ,not found
"14"" Lenovo ThinkPad X1 Carbon Laptop: Intel i5! 8GB RAM ~ 512GB SSD!  Windows 10",https://www.ebay.com/itm/116069681587?_skw=laptop&itmmeta=01JRDNKVMW5Q42E7J21QFJBQEN&hash=item1b064ac9b3:g:tZwAAOSwrr5n4vRu&itmprp=enc%3AAQAKAAAAwFkggFvd1GGDu0w3yXCmi1d5sI05ttxhAV7bYDLQvYExbUPtcZRV6zGmH7f%2FXHyYf0wPsJFGzV%2FiaR2zd3Ozo9IdSSyuedKtOIL2dCKX6UuEUX1t30ajCZ4GS%2FrWPz8IGMrGeh2LCBFF3jBqM8Rwvtj4Ut97%2FmqptxdypWPmQaIATm%2FYKYyBnhZGZlqcdIyqE3pHY%2BtPGzzMScF6apP56YV46yeKi5ux938lZQIdw%2F1pOIwS3U3%2FkBnV56c7w4E%2BPA%3D%3D%7Ctkp%3ABk9SR-66z7XDZQ,not found
"Dell Latitude 7420 Laptop Intel Core i7-1185G7 32GB 512GB SSD 14"" FHD Touch W11P",https://www.ebay.com/itm/296879148897?_skw=laptop&epid=28059079707&itmmeta=01JRDNKVMW8NZBHE19X8JGXNP8&hash=item451f604f61:g:ORIAAOSwtPRnZLJD&itmprp=enc%3AAQAKAAAAwFkggFvd1GGDu0w3yXCmi1e58KBJGrmtuXcGUl3L1aB0gGsQwSoSqwOfwBuugLGuO3qXDN1G9SFg1Dva8Wn96s03QSaKGffKHTXYJKN%2F2%2FyLy%2BkwrABBjj3VjKYL1Ohv1FOd0rYLBEpJybg7jHnZQiy9NRBGtpW8Qqdxirafj%2FmRgHMndbo3Y9uJCk1coRPuhexN41F973vhqok22hbbieTW%2BPngZL7Sp30RXRnDIHdmpY7VIxAtW3I8CTz1lPzujw%3D%3D%7Ctkp%3ABk9SR_C6z7XDZQ,not found
"Lenovo ThinkPad T490 14"" Business Laptop 4-Core i5 16GB RAM 256GB SSD Windows 11",https://www.ebay.com/itm/254855107832?_skw=laptop&itmmeta=01JRDNKVMW4GYTXCPBVYSVEN04&hash=item3b568c54f8:g:-QoAAOSwH2Nn6zqz&itmprp=enc%3AAQAKAAAAwFkggFvd1GGDu0w3yXCmi1e1cXV1rRwTrZ3B8zyINnN3pz%2FbtHsLs3Rw0AQwiXIDFjztjDj%2FAEYizWhhSi2xmFDkPn7gMIGB%2BDVDAGl9c6po7dszmH6kF%2B8VxHFHnza5teUA7WuHKxG28%2FLg3eSKHsULmYIhIBYYAPIGCh15m6TvHSLaxTz%2FlSMBlIO%2BDx0l2%2F1pFwrWZ%2BfutqmV29iaP7qjWODo2lsVP3khF6TfV046JSTBia%2FFD%2Bb2qePwY2%2B%2FIg%3D%3D%7Ctkp%3ABk9SR_C6z7XDZQ,not found
"Lenovo ThinkPad T490 14"" FHD Quad-Core i5-8365U 16GB 512GB SSD Cam Win 11 Pro",https://www.ebay.com/itm/116509879550?_skw=laptop&itmmeta=01JRDNKVMW35AZJDKZ30HT1XGC&hash=item1b2087acfe:g:nFUAAOSw6oxnyWhu&itmprp=enc%3AAQAKAAAAwFkggFvd1GGDu0w3yXCmi1e6fbmXAo7IUOlCWL9aXHdIDds0GpyXZv6qzf6aHFs383rY4v3I3RTKURoDgoL6fu1Y6MDQ5jG6y1W0eXgZdASKi2mGEGGgUg9H7P1hQE5jwBKs6C63Bm0KqLhvOmA2ZLRzbKwpN%2FYgINwdIcupvNw36YqoCyVQcIS4m1F4R7tH%2B5T2W%2BsAqJsFaq7oYF8v5HIuh8sjY2jbOUo5SncJG6PdI2uNpSJahUg5VSnTdNqm3w%3D%3D%7Ctkp%3ABk9SR_C6z7XDZQ,not found
"NEW SEALED HP Envy X360 16"" FHD Touch Intel Ultra 5 125U 16GB RAM 512GB SSD",https://www.ebay.com/itm/176985305062?_skw=laptop&itmmeta=01JRDNKVMWWZ5H68DY826TNFNY&hash=item2935256fe6:g:AUMAAOSwxo9n8f-i&itmprp=enc%3AAQAKAAAA4FkggFvd1GGDu0w3yXCmi1eY45XYEKv0ZbaUA2xNOZXFB9BrJ3V5mldC8JFlLRBfrTW7ST4igjjlWiKMrZ9cb6GiVtE4UhuyisrfNGSk0OHEsLwrvnuHeooLNTqYFQ1%2FSzOv%2Ft83l92NcB0YVbqrFzPA%2BWtyA8Dyb6YwiZfRGUkrFhlkEYb94PLuopY84CjfoWKb%2Bas7RKKBPnIkPV0KL4zjdaBinU8TX7Lbyl53OcwZuY5jkJkWzAo%2BD%2BTdFQ4ItKGGc%2B8Hmqkrd2BvLcOACX951wygZJ%2BPnXt7OohNs1o6%7Ctkp%3ABk9SR_C6z7XDZQ,not found
"Lenovo ThinkPad 15.6"" Laptop PC: Intel i5 16GB RAM 1TB SSD Webcam Windows 10",https://www.ebay.com/itm/116344905846?_skw=laptop&itmmeta=01JRDNKVMWH860NZFD90XYXRRK&hash=item1b16b26076:g:H2sAAOSwalxm~VD6&itmprp=enc%3AAQAKAAAA4FkggFvd1GGDu0w3yXCmi1ekw6RY92w%2BIJh%2Bkvl83YVGiP4O7NaoXXbUHsg4QeD%2BvCbwifFvtn5498DG9AHGeeIPGe0GcJ2FdU00FP6PNeVeg%2B2NAhSV3EBdW%2BwMaK%2FQS%2FGLbSR%2FkFs6oQZIxPOaKDOOoZnS8pj3%2BoKn0YwW%2F6R8AM1N68xrhrICk8%2BGjkisjiNfp2Q7QBDyawiN9PrRLzFAKTibuA0NyLzV%2FfiqpIofLqI65%2FYNHGBgyxt7mSxYutiWMyqMqDAtqsc73fEHsv1KKTP3XIFz1TxzVljeW74X%7Ctkp%3ABk9SR_C6z7XDZQ,not found
"HP Laptop 14"" HD Intel Core i3-1115G4 16GB 512GB SSD Webcam Windows 11 Silver",https://www.ebay.com/itm/116299526116?_skw=laptop&itmmeta=01JRDNKVMW1S1BT0P8Z73ZXJ51&hash=item1b13fdefe4:g:aO0AAOSw7Q9m7YGK&itmprp=enc%3AAQAKAAAAwFkggFvd1GGDu0w3yXCmi1f0ushsEFMjwt9zUXzO33DIAysfyhQgrfsN0kpqHJubsdpr%2BPlmeWjndth1RXHNQS4aGrXG2Z2IXNSL3hJ34HmvowEfxCtfIgINeLZlYxUcs1u7f1wE7G1IxxGthwfFSVX3K0WZ5r2uyWnm%2FjbFxxuZYpGPmXy7phd2jmarGXCyZyXEuv%2FQw0V%2BYu5MihMs%2BN%2FJGLPpO3%2BBe6pfa9XCnaI2nhyxWOZvNbjBBcqRvr80FQ%3D%3D%7Ctkp%3ABk9SR_C6z7XDZQ,not found
"~BLACK FRIDAY SALE~ 15.6"" Dell Latitude Laptop PC: Intel i5! 16GB RAM~512GB SSD!",https://www.ebay.com/itm/115975817889?_skw=laptop&itmmeta=01JRDNKVMWS0JFXQD7B5S1BJVZ&hash=item1b00b28aa1:g:FnEAAOSwX3BnRKzr&itmprp=enc%3AAQAKAAAAwFkggFvd1GGDu0w3yXCmi1eUEdsMAocFQtO3vZYUnWqtRgJ%2FQTWpFd1YeLD%2BMMkKT2%2BiLjRe%2Fc%2B9Huwkmiu%2B3klcOs%2B9iV2FDCl2ngoAvb7m7SjvCDEujZOUcQbr4PaRax%2FCrG%2FcHdG634Lrd81366UXBDgHvq3SH6DyTbDczHJ5ffmuhX06NAI93mwl2p%2FJa8LcgkdvcW9gPXxJJOq5VfH7wJqOmMEFPFZz%2F3Rp7ZgoGBX3di1CqDp6c8E1r1H9yg%3D%3D%7Ctkp%3ABlBMUPC6z7XDZQ,not found
