name,price,link
"Apple 2019 MacBook Air 13"" 1.6GHz Dual-Core i5 16GB RAM 128GB SSD - Very good",$329.99,https://www.ebay.com/itm/296913994480?_skw=macbook&epid=5037481080&itmmeta=01JRKV2RVHEG1SKA6XXS4WN4W0&hash=item45217402f0:g:ka8AAOSw1aVncwRv&itmprp=enc%3AAQAKAAAA4FkggFvd1GGDu0w3yXCmi1eFPeJzF%2BcIqap5X81w8JmAXQuVT7YI7hVh1BEcWn8VHnm29oOxf8BXo12OJGN9fx559fdfkrmBvhJ6bIGpZt3rwI0Sl7oeRzXV%2FlPXZy8kODN%2FsA2lTbvMvOVPBxPIzz1cP6lAz8CY9fKAhv%2FMxyolLfnJ0XKGfS6L%2F49Qqj7Xxd2e8WTvHxfjJ0AGURiY7CDUEVg1juDykrwUx17REPMwV60dBZ%2Fa%2Bg%2FamBQTRoXb%2BIOJnciku5IE5id7WTkgdS03mM4LOVlK0SvOpekS%2BX4Q%7Ctkp%3ABFBM-o2L-8Rl
"APPLE MACBOOK A1278 INTEL I5 MAC OS CATALINA 500GB STORAGE 8GB RAM 13"" HD DVD",$142.66,https://www.ebay.com/itm/156842529101?_skw=macbook&itmmeta=01JRKV2RVHQ9EKKVG4XJ3AYQ82&hash=item24848b114d:g:wWcAAOSwCkVn6owk&itmprp=enc%3AAQAKAAAA4FkggFvd1GGDu0w3yXCmi1eLnCflgSqy2ND%2BLPCf%2FSSpGZaQoCvY2K8gSRE0fbiMZxlqHxbSeLymNjo94ApITN0RchriGsX5XP8VHGordaAQtj16lj96Z9UQ5MIMkd%2Boz7o%2FeBCNllXQQiKlPzDOxGeWipnXoPxQliSMNAudpFxZ79%2FwmeHgrcXHlTbo2atoqe%2BX2fjBA%2FTY01iGTsu%2Fj%2BUfqAl4yF8pFphgGcVAvFvWs2xI0beSfo67ubMrdL%2BxsqJfvTDeKsVAV56xqS5uMJdzkSbjKAisFgXBF7edUjhh%7Ctkp%3ABFBM_I2L-8Rl
"Apple MacBook Pro with Apple M1 Chip 13"", 8GB, 512GB - Space Gray",$529.99,https://www.ebay.com/itm/167280709760?_skw=macbook&itmmeta=01JRKV2RVHAZT3D3JMG1N5G6ET&hash=item26f2b51080:g:p1wAAeSw2QNnmVhW&itmprp=enc%3AAQAKAAAA4FkggFvd1GGDu0w3yXCmi1ekDMATitzNqXnIC7%2FiZegWNPhJZSOaZyOF5rbkfDU9jC839QhlIqknIXAg2KWxhimg330mbkCnPTVaxcWy%2FIuEWOxVziJAjQMf0WxqVYusFEh9uEqyrNGOGZs18IkqUztN3Z1UoKbHINqRVKKtrFwcMFTkIM8ciPXUYAIDiNv7SsvS6aPXOIr0XVyNL3TOUgFinN8S%2BN6tYopaXaCrfiB36fCwD%2BqrD6buNtZbdboG92uILpYj3q0O5cxB16bsEHgWMjnw2CoxTrOLVYo7n9Ct%7Ctkp%3ABFBM_I2L-8Rl
"Apple MacBook Pro A1398  Laptop 15"" Intel I7 CPU 16GB RAM 512 SSD",$274.99,https://www.ebay.com/itm/296801268709?_skw=macbook&itmmeta=01JRKV2RVHPYVMFV69135QBGAA&hash=item451abbf3e5:g:jMUAAOSwiDVn7-j9&itmprp=enc%3AAQAKAAAA4FkggFvd1GGDu0w3yXCmi1f4F85zrPnRNdVZ3H8u%2BmHQyucniKSMLP033t1o9KuBGL%2FuRu8CxLTNzuQ9NhxwIWzA6wdsb4U6MSp66Tc8dz7--YWo3DHLQobqHDhoUVTaPynhgXezb2dBvAlQYua4TL7n4qGE6qkD8lwPp6ak2D0OcvjgJlVcQiJTI4ImCGrGCtpJGk%2Fux6z2s2cIydVby%2FTwtwSAboEjeLROniYp6B%2FhTeCfcLbkv9XBm9fXjaAoSnbCfRHZAPAGWunBuPA%2FOX7hRpOj10Xgtuhyx9n6e68e%7Ctkp%3ABFBM_I2L-8Rl
New ListingApple 2025 MacBook Air 13-inch Laptop M4 chip Midnight 256gbüî•‚úÖ,$829.75,https://www.ebay.com/itm/335906073799?_skw=macbook&itmmeta=01JRKV2RVHBE9DZF5ADQ8G2WWZ&hash=item4e358fecc7:g:RjUAAeSwZHJn-JmD&itmprp=enc%3AAQAKAAAA4FkggFvd1GGDu0w3yXCmi1dVVRQRsJoYmSJRbEn8QHj6upW9vsR0YthQWSTnnr840CdDMYQlP%2FN79iYx78Zg59PBy9Ig2BH8a8N0yfNPhnzNY5K7czrom0VS2zA9rmAHkQLZDa%2FK%2B%2B8Ku3U1ZgYTAGQFAOixrBOKF5mRxNvf5vrbH1IDLomj6fhbIuV%2FIzMdUb%2Fcx6b2BCdgY09Nf6UeRehyvUloM2UeIV4SPE%2BYOh5Uy0rRbKX28J6QlMD7F%2BqBlqLaAQroW5WN6Qdjqba%2FVgu4YjTGxO97Tgzq7%2FZEo%2Fz9%7Ctkp%3ABk9SR_yNi_vEZQ
"Apple Macbook Air MLY33LL/A 2022 M2 - Magsafe 3 - 13.6""  8GB/256GB SSD Excellent",$657.00,https://www.ebay.com/itm/166206685749?_skw=macbook&itmmeta=01JRKV2RVHVBJCWFP3453KGNJN&hash=item26b2b0c235:g:104AAOSwFIRn3Dep&itmprp=enc%3AAQAKAAAAwFkggFvd1GGDu0w3yXCmi1fk7tSmCLUrBrtHmJk1TPutQkJMIe0yU0uVKc1X0nj88TahkikEYRKisHLa1hv2S9JPtsF%2FvGihDAxBAkkM9xUy6CcSLwf6uA7HB3B9bJOHPxtq2MbWZm2nKLPl9IjoRee58zeGMyXbndQ2Tfm7KZS5eALtpQhABXoL7fdeu9%2BzBrpdzLhXjwUlXPuARdKx5u5tPXbVbQePxpoAXy0TPw4uRzOMj0C12YR5Sh66qVFJNQ%3D%3D%7Ctkp%3ABk9SR_yNi_vEZQ
"New Listing13"" 2022, MacBook Air, MLY43LL/A, Apple M2, 8GB, 512GB SSD, 10C",$699.95,https://www.ebay.com/itm/116557336462?_skw=macbook&epid=24054512814&itmmeta=01JRKV2RVHE3RCHZRXKEJQN9SZ&hash=item1b235bcf8e:g:dXEAAOSw9Jln-Z1Z&itmprp=enc%3AAQAKAAAAwFkggFvd1GGDu0w3yXCmi1fn9Trqzd6GMSjQDnIr4saCY9I%2FgMl84IYckktFlQQo36%2BqJxSSFL4D1XVPR2IN7NDBzVvb04PVA%2FJ6wnxISU4qgh1uwRswZ9RwdlRBGYaJbzzMCS5SxnWWvQUCcAxdenpObmkV58kCW4NLFbYtJLrF%2FNlrwV3%2B8pmRQHqEBgJ4iItdOlFT27jXSRqKH6KtYhB7OjTQREFt2zc0D2o7M2B%2F7OnUIPNDmnsnob%2B5BsPq2w%3D%3D%7Ctkp%3ABk9SR_yNi_vEZQ
Apple MacBook Air M3 15.3in 8-CoreCPU 10-CoreGPU 2024 8GB RAM 256GB SSD,$789.00,https://www.ebay.com/itm/146323377617?_skw=macbook&itmmeta=01JRKV2RVHCF2T570031YZ3V5P&hash=item22118d8dd1:g:DTgAAOSwalJn7VX7&itmprp=enc%3AAQAKAAAA4FkggFvd1GGDu0w3yXCmi1cJ2WLuh2Yx4fhGOjYK2kcOGMdsm%2F1itDqpFirMvjdkn95ij8ExRMGIVQS5hT6lCT9BymM%2Fezf0nuWYxvrstq4d6avCGgBG6wCSZnR5MUKkixQPHXOTVvHTyYwaN46O0%2BImbinSwTyhVlR6y70MQuIPWBqMTGtw8CBnq2GDCwF8GPvAW0YwE9OovCnuJRxOMKf4FGp06JtOaKSRcgg7sYBlUZo6zoBarqqxvt3vCogGRWfOcyPCuFvDXqbbkfCdBHWeU4b4lI5x6uinSAFe0usX%7Ctkp%3ABk9SR_yNi_vEZQ
Apple 2024 MacBook Pro 14-inch M4 Pro 24GB RAM 512GB SSD Silver MX2E3LL/A,"$1,619.00",https://www.ebay.com/itm/365382693945?_skw=macbook&itmmeta=01JRKV2RVH91S3Z0HS8B2VSS6N&hash=item5512817439:g:gjYAAOSwH~NnpU34&itmprp=enc%3AAQAKAAAAwFkggFvd1GGDu0w3yXCmi1d%2F1xkA1zjPPRgcfA7I%2FM3V%2FoRyE4tHvxVlO18gII7STI4T3tbSWwHijPdvKB9%2FC8SedyOiDY0rhNey6Z21O2sqfhmzNIl78%2BXGaK8qyzAMspzqwVgoaVqUZqjqVPoyONOUpv1nMfjZRt7pYexTnXMi3FFtBAYQzab29WkS%2FxMWuCDrfLzc9I85e8QTfG5QDYu9PRrwLPsG6YqZAqEw25w4ESautEsWqfhK778SmA3ThQ%3D%3D%7Ctkp%3ABk9SR_yNi_vEZQ
"Apple Macbook Air A1466 | 4GB RAM | 250GB SSD | Intel core i5 | EMC 2632 13""",$166.89,https://www.ebay.com/itm/146501627160?_skw=macbook&itmmeta=01JRKV2RVHENH307F7RQ2ZZ1D6&hash=item221c2d6d18:g:EZ4AAOSwywRnkk0f&itmprp=enc%3AAQAKAAAAwFkggFvd1GGDu0w3yXCmi1fN0GBsmJoDjAlcEeceEszuNfxJdEiAPsW3iDwOhmC8tasoxfdcpuAYuzEfqSGq8q8BWdXPJfW%2F9qWn743S1CTfRB1iF8364JLQBxTcPzliAKaKwlSdlIBb30V9ch5zoYYi2TlWXN5FClPL3libjxsINCTQXG6LX0N4snagwdcMPXjn2xGzi6nl1EfZGRYgFs6a26KJpLIlFzpZ3hEGNN6rXH6hXhBCzyeknyKYayFLUw%3D%3D%7Ctkp%3ABk9SR_yNi_vEZQ
"Apple MacBook Pro M3 14.2"" 8-CoreCPU 10-CoreGPU 2023 8GB RAM 512GB SSD Excellent",$899.00,https://www.ebay.com/itm/146312181995?_skw=macbook&itmmeta=01JRKV2RVHJ1C2H8Y1KB7EKEQT&hash=item2210e2b8eb:g:RmQAAOSwid1n3E41&itmprp=enc%3AAQAKAAAAwFkggFvd1GGDu0w3yXCmi1fOW5bJtTIhheYsxIha9keJkjqhKsGt0MTUNeN4AzuSCxMPX6wpZ9oSDDGvN8jllcI6K9nIlKqLUVOnv1Hqg%2BAlkf%2BkAP6EXxH8zGVZxGnNqbQvNJnUouULloGlD7Erys3v7hzxUf2oOsbZhV27QkMEgOSXDDcpTkQYItw9rUZQZ9OjoNlYvdTXxlDF7DexIazBh4BzoWwEVrByu%2BrSpnevllAgAlte0liA5WG2KHpsxw%3D%3D%7Ctkp%3ABk9SR_yNi_vEZQ
APPLE MACBOOK PRO 16 INCH / MAXED 64GB RAM / 8C 5.0GHz / NEWEST OS,$875.00,https://www.ebay.com/itm/236034355647?_skw=macbook&itmmeta=01JRKV2RVH81RW6BQF1NHSBZC7&hash=item36f4be71bf:g:jgIAAOSw5NVn-UCh&itmprp=enc%3AAQAKAAAA4FkggFvd1GGDu0w3yXCmi1cOGFOMaSR9dcdjE61nBcBmRnfZHi0Al%2FsN3uWT93aB4u4CKQU0FF05K3QUfzbGhC%2BqbCETaiqK64vmvK9lIGS839Q0wiZ8R7w%2FMqK%2BRNffyCfhJrxQCjn9pqmx8XLeH0yyC48k51cTtqkE7gggM%2FZp%2BKFD1IL3fcyo43Zk8GzfemxQHqamagNTzw3HAJEn%2Fx8Xa4p14cGHMJAF%2FOlmmAkpCUpvCvvt53vZcPb5cA1GwbhhHjNR7heaJ4z1%2FlryhONPUDM39BT0NRZOx%2FDc8V5m%7Ctkp%3ABk9SR_yNi_vEZQ
New Listingapple mac book pro,$100.81,https://www.ebay.com/itm/365526616290?_skw=macbook&itmmeta=01JRKV2RVHE0MZ48392NSZGSHS&hash=item551b1588e2:g:IO8AAeSw5Epn-RKY&itmprp=enc%3AAQAKAAAA4FkggFvd1GGDu0w3yXCmi1eSY%2BD8nWXm2mBK8z2LJH0gLac82vpuH2rPkYCHRwe6cPR0qCJVI9uZvk7p2C%2FNiSxgMRrVtHmADb31mBgUO9%2BWRHb7redgTzDac0kQT1sJczQXTNRoyOxX648E3%2BDwUPrR7DwId475V98k2aG5YxEiocn5QKzLzidO77DpO5Y66b%2FSNWp3swY9VxyYKhbRper6jsC%2F%2BLtT16dKJJtemefrM4ZJV%2F0DmHLHG1ulyNd%2Ba5oHnXmfMpYclpL00w1MqXoiCFuhhfzJJBiObOucbXsy%7Ctkp%3ABk9SR_yNi_vEZQ
New ListingApple MacBook Air 13.6‚Äù M2 8-Core CPU/GPU 256GB SSD ‚Äì Silver (2022) NEARLY NEW,$810.63,https://www.ebay.com/itm/256889602203?_skw=macbook&itmmeta=01JRKV2RVJS5844D71VEEYEB0D&hash=item3bcfd0409b:g:bF8AAOSwmg9n9rPX&itmprp=enc%3AAQAKAAAA4FkggFvd1GGDu0w3yXCmi1dCj4PoJoz%2FI5FZ%2BvrdNrSvNuPbKpvJzBaTt3dd4c1r86lGrsJoPykhucnB66UW0JzTCF38f%2Bjne6GiYP83kWhsVSl6aUoQtj%2FAB4%2Bi09BqqEOaC9i0a6nyq3JEHGSctHJe4xscl1hMvJKYXhp%2BecXf%2BQhOT5MqPg1Nl4bPgVLnEH%2FlmWA9zG76x30HBzvr3ou3uNkGesqYziPn8g4XkQsTb3%2BVatfXEBuvwNpIvPSedrFnXs5ngq5qK0HPhVrB5Q7mHIzDPrDfVLj9ahn9s9P8%7Ctkp%3ABFBM_I2L-8Rl
"Apple MacBook Air A1466 13.3"" Intel I5 CPU 4GB RAM 120 SSD",$109.99,https://www.ebay.com/itm/296971632079?_skw=macbook&itmmeta=01JRKV2RVJD3JMKJBA0QE079TV&hash=item4524e37dcf:g:shMAAOSw5WZlCicA&itmprp=enc%3AAQAKAAAA4FkggFvd1GGDu0w3yXCmi1ftMAkM2OMKhMCVIePSG6nKoiRKrEgcLwYxE7BKkunaj26U2R4WocKlNNrxDN7CMf5L7gmOhzp2TUC%2BF%2F8yFE703IdqXRM0HMgUxmvGppTydDp1tegJenhXVjvDQZGCqwrHQIL%2BIMOQe0Cqjl1ZF145kVQMU9AHo92TDaNR7Mta3zuw1XnINmfQxxyJ3pbU%2FEv4O0iBfJseEyBP0SBt%2FkQcWDvJkJqlhVv3KVfsW1WkERcw0JpWrh9DF2xrsHs3ZxwS3fmI3SLXfdS6TAmsSufr%7Ctkp%3ABFBM_I2L-8Rl
"Apple MacBook 12"" - Core m3 | m5 | m7 - 8GB RAM - 256GB | 512GB SSD - Excellent",$224.95 to $284.95,https://www.ebay.com/itm/267187995222?_skw=macbook&itmmeta=01JRKV2RVJ6K93KYB406EJQ34R&hash=item3e35a54256:g:0fsAAOSwnb5n0zBP&itmprp=enc%3AAQAKAAAA4FkggFvd1GGDu0w3yXCmi1dtJjGCASetcIMQjs%2FImCp0P02FujZ%2BELL7R2ffoLQICDt2ep%2Bp2Yy1u5O8NCqZVy04KAb%2B42vpSb0vPDvthcCIggSMglWq7q92f1v9kndgMnJN%2BjIuzQ379VxMj%2FRQ0Suk23mPP0E%2Be%2F7gZguCMTTsVS%2FH64nOMmyw5sqD4nrRncaoERXbqf7DP4Rgq00pRik9YvV%2FlSbts8pJsYMeqB4prj4HfnQ8vNL2Ld3iqjIkDVVm3phLWEGHtT5J4K78MXBNOUlQjs%2BA1Pdo2N60GWIO%7Ctkp%3ABFBM_I2L-8Rl
"Apple MacBook Pro MLH12LL/A 13"" Laptop - Core i5 - 2.9Ghz - 8GB RAM- 256GB SSD",$229.99,https://www.ebay.com/itm/276515343674?_skw=macbook&epid=14048212222&itmmeta=01JRKV2RVJ2P15XEX2C8X97CEA&hash=item4061994d3a:g:4H0AAOSwmb1mHJJo&itmprp=enc%3AAQAKAAAAwFkggFvd1GGDu0w3yXCmi1eQ4RYhYcE%2FgT6%2FpIXA6Thepv0CyS8IsuniksnbslC0dAfSaiWs4JnbBkOZD8aCFuSgEvt%2F2A%2Fb5qv0oZw0nSs1qhO%2FMd6TShlbQTMTI4c4Hm%2BZLhKFvRA7jVYLZTpd2v0QqgHvF1eeCHIlMrdtBoKemx%2BuZhFO4DLUPa5N%2BskJa5iCGqXXLV96ztMWirdWvJaNNJXSgurlhUYWMIHukzGfm619CRZEjsEFZ00Z1rY38w%3D%3D%7Ctkp%3ABk9SR_yNi_vEZQ
2024 Apple MacBook Air 13-inch M3 Chip 16GB RAM 256GB SSD Midnight MC8K4LL/A,$799.00,https://www.ebay.com/itm/276803014543?_skw=macbook&itmmeta=01JRKV2RVJVW0FDDGRN80CTVH7&hash=item4072becf8f:g:d2QAAOSwhTlnk8rQ&itmprp=enc%3AAQAKAAAA4FkggFvd1GGDu0w3yXCmi1c6iiGkcTEYau3CZ2NR%2BHjcClA%2Bxqs%2Bnu40Cqn9rn6dWQjO4V2%2BBbyW8HX64uZgN%2BpDhyZ4QUP3TdKhgeC4Pqd49G7wZdBYXxSb%2BJBsTdcfLJwuWYT2%2FmE7%2Bh3nyqay5HHyjcoP7PNiTo0RbDnSqoa%2FJbonRFBvjI1i9jxYzpz6hg9neRfR6MDMyQpCR%2FjEpHUVJ8ZwGYjd2JmwcH0JOQPtiKlXCBCC9XFroMPpnwrOcTJ9FEGKt3SlOpxCfx--J0FsJzsMxPb29UMKfKikZj6w%7Ctkp%3ABk9SR_yNi_vEZQ
üíª Ô£ø MacBook Air 13‚Äù (2020) - i3 1.1GHz - 8GB Memory - 256GB SSD Ô£ø üíª,$383.63,https://www.ebay.com/itm/388062300058?_skw=macbook&itmmeta=01JRKV2RVJDFBS2N97MZ71SG1Q&hash=item5a5a50c79a:g:6ugAAOSwHOdnz1Vf&itmprp=enc%3AAQAKAAAAwFkggFvd1GGDu0w3yXCmi1e79oU15ldtHJv7F6CQY67yxA2iAmDbPnPCleX2ozchyyU1A%2BxfRfGf0W7iOsn7fD0ZVjCP53Q0Ejl2igJfszWkD2jWUGIXy%2Bj6AC6H8H8BD97JZjAhChUeJge7RHNFhYuE3PZfGaUXhsJPelcxCixMIQ%2FOLqUG83g0R2KR%2BgNvbUWTGXzh3Ry6coz46y6GuJbVrAiQUnAnw%2FKBgiivDWx1%2FQnjwXsIKeyS5hHJbDctKw%3D%3D%7Ctkp%3ABk9SR_yNi_vEZQ
MacBook Air 15-inch 2024 M3 / 16GB RAM / 512GB SSD / 10-Core GPU / Midnight,"$1,099.00",https://www.ebay.com/itm/256520205430?_skw=macbook&itmmeta=01JRKV2RVJ922D2SGB1NG9BTX0&hash=item3bb9cbb476:g:ow0AAOSweCZmTlsv&itmprp=enc%3AAQAKAAAA4FkggFvd1GGDu0w3yXCmi1cdKgQ1W3zKuCbYK9SN9wDyRf6TPXSkCEDF%2BHL4cpgj5HZEtxB6lLrpF87XirWwVeSmAV1%2F9u58q%2B5vw1yXOCVSf7J4YOiYDL%2Fi5OropW37Hj9aCahkvnq0kzBArjP0tE%2BXEUTDRLj0p98aK4udbuBBwZ5EXbuxIFpRW9XPhZ%2BkzI%2BSkH9M2JANeasLrHRwi1fxIX8flLDYnCi%2ByftqUQlzVVce%2B6odIqTxGor3DvWIz566U9LWnMIt8taYoSVuF6msamxhjFiwb4ps9rRpDWfR%7Ctkp%3ABk9SR_yNi_vEZQ
MacBook Pro 13 Touch Bar 2020 M1 8-Core / 8-Core GPU 16GB 256GB Space Gray Good,$525.99,https://www.ebay.com/itm/275375045713?_skw=macbook&itmmeta=01JRKV2RVJY1TVD276C91KJJED&hash=item401da1bc51:g:~hgAAOSwSadmRM8~&itmprp=enc%3AAQAKAAAA4FkggFvd1GGDu0w3yXCmi1drcXgmk6hREqphoxSK9nku4ZC2JIpsrJcONrh2AwV7jrQphUN8rWhCXKXkeK1%2B5cV2MVen9LfJAkaiDQPr%2FAkn4wKIXyKG9uq%2F7mtXejkCcGD5Q8kZUZGQQdE8ycxYKr%2BkHCSn5EcWdBv0DPCC6XG0lGvL3sAnHF7wD4l7HSE1ArozLKfBCpJgzj59Q9z9BOLgPSXOlexZQbZLJwmVgrrSFrKs3oMCNENtwOH5GKPOG%2BeOeIfdGc11ae9FzVayeD5FfsNbzvwNKC9LtPJwErz2%7Ctkp%3ABk9SR_yNi_vEZQ
2020 Macbook Air i3,$296.83,https://www.ebay.com/itm/156873384224?_skw=macbook&itmmeta=01JRKV2RVJCA6JT3Y97NWM4JF5&hash=item248661e120:g:TbcAAeSwSUln9Xbo&itmprp=enc%3AAQAKAAAA4FkggFvd1GGDu0w3yXCmi1enUR%2FiQx6Ifu58I6GYID7cLwbbe8ge8Xw1s%2BVs6ReL2DpzWl85m3dxxa1TK4CbJVA0BStdOH231i67USV3dgA3enDiogUH5qFb1ALVKw5OvtOT6kNFDLPBPbXjxwBkIovkq2Z4VnmGy8wouD89cqj7CeKVzUgwRTBXwcWx8LL4AOoDpjtPXLnsh3KxJEfHtP0HLxGWuV9pNdIbPGogG8LOt8jshOpaixJ04DArzYd4WtaIxasN9gyTd5vfN7jlYKM2OhJqrvFjGYFkQpg%2FvIMJ%7Ctkp%3ABk9SR_6Ni_vEZQ
SEQUOIA 2020-2021 Apple MacBook Pro 13 - 16GB RAM 512GB SSD 1.4GHz Quad Core i5,$530.00,https://www.ebay.com/itm/226392064210?_skw=macbook&itmmeta=01JRKV2RVJCD6RFXF6J9V17WHV&hash=item34b604c0d2:g:ZEkAAOSwH69nFrIc&itmprp=enc%3AAQAKAAAAwFkggFvd1GGDu0w3yXCmi1etR4YjpNAykuwPoInpdwo1dwrxCNW33E22m1mSAm%2BZcmLRqnx%2BEikx0pglRUxPELUNymhUM0eldkoe3TFSzHb6SwIEirkBdjP6xDE06oNES6kDO1OBdmIoYLhjldmv4d8cJ9JErd4dxaKCDgCVNf94mJO%2BSfu54YBvxczBCDGpdT4JesXfC7q4b6VZRJkNLu%2BWaZnXGRsX0d5Ph20imp2lBv3FKnEdjR6iVstwsZU8eA%3D%3D%7Ctkp%3ABk9SR_6Ni_vEZQ
MacBook Pro 13 2020 Intel i7 16GB 512GB 2.3 GHz Touch Bar Space Gray Very Good,$463.99,https://www.ebay.com/itm/294926820187?_skw=macbook&itmmeta=01JRKV2RVJDZPC7DNV0CYHTM33&hash=item44ab02235b:g:uW0AAOSwMFVmqmaN&itmprp=enc%3AAQAKAAAA4FkggFvd1GGDu0w3yXCmi1cddq0dAANyxFLhyAIGC%2BHFjAwq59ukl29cJMNT6deQ4xDJafqZpoyBRr88nJKhOu58LrJEEfl8pu1ty2cZavx8%2FLNJTIcdWN4Qs6YYrYo4GsIydCSk0Z77pllsdKAAW3q79%2B75uJOP%2FpTWZGUdFEVrpI%2FLD4BCkRaz9%2FRy5z36fn0XQr3zbR6qPK6IdcU4e6b%2BwVZrLfvrMBA6MWFZZRC0v5B1BdmzeAOpyci8%2FQYtaBfc%2FMEbT2%2Fv16O%2By5M4WHy0ey70wCCuo4tLf1sPBOVr%7Ctkp%3ABk9SR_6Ni_vEZQ
MacBook Pro 13 Touch Bar Silver 2020 2.3 GHz Intel Core i7 16GB 512GB Excellent,$494.99,https://www.ebay.com/itm/276967206454?_skw=macbook&itmmeta=01JRKV2RVJNYZCV2WH1J43THSM&hash=item407c882e36:g:n58AAeSwZiln3ddr&itmprp=enc%3AAQAKAAAAwFkggFvd1GGDu0w3yXCmi1ex%2BeWZ2YS77CixtafUtv7i5kQ8LLCIevWjv1NIgzvVtPUIXcY0GrHs2h3%2FS1UgFkZpXMwciPeMZSgF1xX6OyvJGv5eTkbytTFuPccexGEPk31A51AaBmB%2Bh0F9AShszVmqOhrpua7UB1b3nG7Z5hkdWAwFmRxs8C75%2Bq%2F4zRyVvJBTYPGKXR7RgQX4iPKuD3cLWIW9Py1KhfZv%2BDXkUWupfSLC82ghq7iI9ME8BAy5JQ%3D%3D%7Ctkp%3ABk9SR_6Ni_vEZQ
Apple MacBook Air 13-inch M2 Chip 16GB RAM 256GB SSD Midnight MC7X4LL/A,$699.00,https://www.ebay.com/itm/365349140559?_skw=macbook&itmmeta=01JRKV2RVJ4KZRGMQAJE0T3HXX&hash=item551081784f:g:PBgAAOSwwBJniq1T&itmprp=enc%3AAQAKAAAA4FkggFvd1GGDu0w3yXCmi1fDzYAO2mBUBVXiM0isVTx9Fy3m6FA6smoxuSFNcomY2HM6p%2Bm6sXA1axLTCr6qIPtINTUZdDOpOaoQfu011QXkPKUOJqidrzbtpalQsXRBZ52FbPllN1cy96wi%2F2oCYAozE6Li9GTpepjfj0Q564%2BuxKcKpKv9QcZ6krh1tZnFFBatgp85sSSUmjSA2LsjbkLQjE7BQEVZo2JeBLz%2BgOF86plMhLaRRMpBcz1KHulXSMfJj%2FPUT0CsjtoppS6sXgN1B8UqHUDkJCyzMPzwL0rd%7Ctkp%3ABk9SR_6Ni_vEZQ
MacBook Air 13-inch 2024 M3 / 16GB RAM / 512GB SSD / 10-Core GPU / Starlight,$929.00,https://www.ebay.com/itm/364906045956?_skw=macbook&epid=17067363172&itmmeta=01JRKV2RVJGHJCZQCE514A3EG3&hash=item54f6186204:g:1eIAAOSwFcJmTkc6&itmprp=enc%3AAQAKAAAA4FkggFvd1GGDu0w3yXCmi1csyC0viYLfao7GxJuXunTG9dc6gRJtghNsCCYSXbL%2BIDkGwnUZ7I9rTV3tau0OKuKKEKqiVlDAbuiXSef23aHJOtItYDznh2bbSrNg09FZaKQU4rxlkUUzNNZqNPvjYGIaLqMF1boRDx7XvFxAWZ2LutT0RQFDTpirH3Q0nL%2FjooEwopkfyDA03n0vD8ZmiPg9cwHkFQBhrFiTQiXhWuQF5QX0Ar5Wo85Dk0fLI%2F7%2FSG6I%2BOlms4BNoel3Rof%2Fjjm64mnQ1dXjCctTPKNWsl4E%7Ctkp%3ABk9SR_6Ni_vEZQ
"13"" Apple MacBook Pro 1.4GHz Intel Core i5 16GB RAM 256GB SSD 2020 - Excellent",$463.99,https://www.ebay.com/itm/127015350383?_skw=macbook&itmmeta=01JRKV2RVJWTYAJS1JC7DCQ5N7&hash=item1d92b4706f:g:eRkAAOSwHc1n4~Tx&itmprp=enc%3AAQAKAAAA4FkggFvd1GGDu0w3yXCmi1ceCNrmdL7Y71TFRAzRvx38vUDxVv30zBDAz1BVmSbQTMbsJW6XZLVuPPrivQxa4PSK47mZ1ULgQ0B6lTt0Tk9A8uBV1%2BBvY%2B3xULgN%2B6szWczP5RGHEXnfcSQ0TREdYh2dx8z0VBszqzJvRG2frU2hGJf%2FL0QrfXRMNfqnu5KWsOLxP28%2F7KD9vfh8iT2rrO6fqCg%2FxVLGngGs9gJcYHP9bquqxq%2Fnp8YcHU9ZQG%2FsAz8%2Fnlea8nyXvrC9fID2u9AeetxVbAF6YPyM4hx5vC0R%7Ctkp%3ABk9SR_6Ni_vEZQ
"Apple MacBook Pro 15.4-Inch Intel Core i9 2.4GHz 32GB RAM, 1TB SSD, Space Gray",$499.00,https://www.ebay.com/itm/176874399015?_skw=macbook&epid=18051666032&itmmeta=01JRKV2RVJ1XYHVAJ0V21BMXS6&hash=item292e892527:g:Q3MAAOSwtHtnvgOk&itmprp=enc%3AAQAKAAAA4FkggFvd1GGDu0w3yXCmi1fflMln9R8H9R%2BDb0sYZMS%2BgcUyNuyoWZU3Pni9nHOVOnuNarFH0gMiPeWmeJqLf6lmeeWGsdhucsPfaIKOWw%2FM%2B5%2FkCj5JKlgS5h3zD90rcHkKhkmF5GVL1FwR6nSUY7vuZeX19hpeubb9UfRhIDYJaggbSga%2FIub1B%2FBxh0qPgYcF39DewuE4EU73sft9jw%2B%2BSSL4XLwHhmisxySGZj71NqpgmrUuKCAcxy9dNLsZR%2FeAwsoZWYJ%2BniYip%2Bn%2F88ckfrszx8Ncmrpqfl9vfib6%7Ctkp%3ABFBM_o2L-8Rl
Apple MacBook Air 13 Inch Laptop 2018 Core i5 1.6GHz 8GB Ram 128GB SSD A1932 UK,$389.09,https://www.ebay.com/itm/375944327392?_skw=macbook&epid=18030178050&itmmeta=01JRKV2RVJ6N2WDDA2EKGD44CC&hash=item57880730e0:g:4nEAAOSwfu5nkhFD&itmprp=enc%3AAQAKAAAA4FkggFvd1GGDu0w3yXCmi1dZmbP1kZf05MH1w0airEHT9FcWPZ5ZuIKYcilvo%2BQNPmPSC3%2BBbjCsaVJkkjiopYippkCJgfetZxc7Aa1tSy%2FYzRIzyI8ZDTtzJeh3VDfhk27zZY0tVOxzMUi1tmqtWVKcJwnejmBUnnj8hGGR%2FbnMcduc3Uy0s2xA2y5DeFGe7rTSWggg%2B7w383TIzU4VSO8LJ%2FO6HVrGUanCUWH7OXangMuo039Le8bMeW8Hhi5mvsLeDNLE%2FuFjGpKTLCWBMrW2M4gHB09f6k5OtCf4sE7K%7Ctkp%3ABFBM_o2L-8Rl
"EXCELLENT Apple MacBook Pro 15"" RETINA 3.4GHz i7 Turbo 16GB RAM 512GB SSD",$391.02,https://www.ebay.com/itm/364812815726?_skw=macbook&itmmeta=01JRKV2RVJN7FN2MCCKWDKW2WH&hash=item54f089cd6e:g:3koAAOSwOyhnbueq&itmprp=enc%3AAQAKAAAA4FkggFvd1GGDu0w3yXCmi1evN83zc4o3dQ9RxSt7ce1Lq3rXimjVzDI2w8xnDDj6PNZl2rwZ7pCTbA%2FAzlKwJqdbYVe5je3wTFG0lsYz%2FIzw14D94PG2pSZ3ZGTCr5tPP8cks8%2FTrtDhF%2FlPnSaUHasZAQMSQwK6wXvaLGAeakp3KiRTevf1MfpDuco1eEKbOgBPR451F7ceUyDiReEgywH2s19YicWzSGN8pSmKgNdoHsenQgvHyYB4BvAelNK5j1e8HiZIhlaRo7Sy%2FWjpd24tQOiYW7nhS6TJPszHhLm4%7Ctkp%3ABFBM_o2L-8Rl
"Apple MacBook Air A1466 13.3"" Intel I5 CPU 8GB RAM 120 SSD",$149.99,https://www.ebay.com/itm/305861135884?_skw=macbook&itmmeta=01JRKV2RVJADTEXMKFHVA3Z0RQ&hash=item4736be8e0c:g:shMAAOSw5WZlCicA&itmprp=enc%3AAQAKAAAA4FkggFvd1GGDu0w3yXCmi1cJF3gouRiVLBHHYslBab1qEFXDjPQhJqsk2GcTNsrP8SoWVCtZzUjDIX97Uk%2BM1kKlBpv54D1Oz3Y8TFW27GiREpcvAOtceuZSmdpAkDrZV95eBhjbZd%2BrTrxretDkaycmG3MCBGnLUu5aHh7ygidInSkBAsNFaNZLdVozgBI2D51Wc7OlpciQAXmYCUX8R6AVLwbBCDHqQ%2B%2BOU6nQa50tfYnX7e9CWR0eNX0SuFrT9SHDm1rrh49lcINlJzYL97uaZnMaCIYd7jDycwamDayU%7Ctkp%3ABFBM_o2L-8Rl
Apple MacBook Air 13-inch 2022 M2 / 8GB RAM / 256GB SSD / 8-Core GPU / Midnight,$699.00,https://www.ebay.com/itm/275503825770?_skw=macbook&epid=15054520410&itmmeta=01JRKV2RVJ04FGYTXPB5TAX63K&hash=item40254ec36a:g:YvAAAOSwa6tjTbHS&itmprp=enc%3AAQAKAAAAwFkggFvd1GGDu0w3yXCmi1e%2ByMLA4ydnOhoggTW5drHWKE0uuKkurSidW6MG8G4MdtWq2IV6gKvkj85WxQfqTl47hHr%2BZmCgi%2BfoTfdW9Da1LX8ymbVVa8Zn4ZiRawzja%2Bl7OeBNvctE%2BVtPyPXQqZQ58jgiEoNqSKwPV5LScNNRfwaqAgSIBwzDMixr1u4JudlNaWzHAClt0mIsCnyS1PMXieaYf6PH05FtOIjI9CMZowwRqAXYQQSWVeXMj1nl%2FQ%3D%3D%7Ctkp%3ABk9SR_6Ni_vEZQ
"MACBOOK PRO 13"" 2018 i5 2.3GHZ 512GB SSD 8GB RAM",$448.04,https://www.ebay.com/itm/306225140836?_skw=macbook&itmmeta=01JRKV2RVJ78EDFXRJ9DDF82RT&hash=item474c70d464:g:XQsAAeSwF3tn8i6s&itmprp=enc%3AAQAKAAAAwFkggFvd1GGDu0w3yXCmi1dEAd3rDhoHA%2BF%2FrXfHy%2Fe8e4NcqKqI%2BQd9l84Mq7z%2BAdvWqJ64FW2zHsffXhN56CCHSgV%2FHPU%2Bpvqze0BaM7vGQ5HWDcn9NvjOvlGjXpxAn8WCMVKlvUNAntH4vrcXZRl36uXVaTVoeemTVC3TI%2B0gT5TDUL7Zhtf48MFB0MNOURM%2BCJvDigapbQeDzgsNfcydr%2FhskcjGvQsa6fbkf43V2sptiRMlib1nu5N%2FBm7K8Q%3D%3D%7Ctkp%3ABk9SR_6Ni_vEZQ
"MacBook Pro 16"" Gray 2021 3.2 GHz M1 Pro 10-Core CPU 16-Core GPU 16GB 512GB",$834.99,https://www.ebay.com/itm/284914395417?_skw=macbook&itmmeta=01JRKV2RVJPCPWBR88YFRA4B36&hash=item425638a919:g:YwUAAeSwJcVno5wf&itmprp=enc%3AAQAKAAAA4FkggFvd1GGDu0w3yXCmi1dV1iM3eQOaJ4h28NPvEUsFd5mM1KNsIdwsavCDidXVCNp8tY6%2Baw5texo0e32Fg2%2F1IEjoOOAuBAu4tc8ysvtLIKXba2RZwSo73t2EoS1TN6fFPpph6bym4TgUkG%2FbjYfKZFCi5CTZIs7DyT%2BDx5X9V7tdpqnVl5nPiJ6fN58NU8qLQFzG9iPdxF1EY3xlbTrcS99XLcal4FYpDflYjMdCh4E8uRjma--cRVcTPb4Nw6hEfZuC8oM09I%2FVVlXvv8MV8wzELk%2FM%2FYL%2BI24rnHTB%7Ctkp%3ABk9SR_6Ni_vEZQ
"13"" Apple MacBook Air 2019 1.6GHz Intel Core i5 16GB RAM 256GB SSD Gray - Good",$299.99,https://www.ebay.com/itm/126524853327?_skw=macbook&itmmeta=01JRKV2RVJFHB50QAJG3068WXS&hash=item1d75780c4f:g:3XwAAOSwp5RmaIVK&itmprp=enc%3AAQAKAAAA4FkggFvd1GGDu0w3yXCmi1d2LdHw0YLCCW13G5%2FmZqUUe%2BlpMdBSGybxR1L2fg8Ru%2BLN63GD2EYu%2BMcuLmNnwURtvGbJ7Hd4fkmckI3Xi%2B11J4%2FeJ1O7enVkukRrd4RNrTMyNNz%2BsFM%2FLVEvD8rf38d25O1BvmoJ8oWPnH4UscW2JMHq87PNZIhVsUiKmJqI93hmZCvGdCDyV%2Fc55HtvsNK8cMYVBoTKiXzt3Spzqk18Cv8ifY0EtFpp8r8jRc7YgVrksesZUyA6tjulZIonD%2FWgyVy9oDT%2BUKqeKW0spTH5%7Ctkp%3ABk9SR_6Ni_vEZQ
"üíª Ô£ø **MacBook Air 13"" (Wed-2020) - i5 1.1GHz - 8GB - 512GB - A2179 EMC 3302  ",$415.00,https://www.ebay.com/itm/388006877619?_skw=macbook&itmmeta=01JRKV2RVJS82WKCQFWP4CFHNC&hash=item5a570319b3:g:iKcAAOSwYn1nWtWD&itmprp=enc%3AAQAKAAAA4FkggFvd1GGDu0w3yXCmi1eK09feq6wv9Z7%2B3Zij7iwcN6Cq8u4XnkKDHPDxrgR5xtYKcu%2FHcEBnqwCdzYCDDCFSlunHbLqnP2n97a2P8NcGuKV%2Bpkng%2Fm9pHcrzC7SXnC7Ff2AegeuMKHE%2BId2Qs9R4vEVO%2Bmk92PYg2NmUiSZYzFkoWkub3orDL13Faa8dsMJwirefRTbApWg2uiIeyMXEw7%2F3lhlCbhymwBbTAcz5tUsn%2Bk0WatDGBjqO2kZ6DHJTf%2FRP28DDi%2BRwPLrX%2FRz05kINYgrIkxu52bjx9ZK%2B%7Ctkp%3ABk9SR_6Ni_vEZQ
"13.3"" 2020, MacBook Air, BTO, Apple M1, 16GB, 256GB SSD, 7C",$524.95,https://www.ebay.com/itm/135631485326?_skw=macbook&itmmeta=01JRKV2RVJ90MG0H9PH7VZ2P3M&hash=item1f9444398e:g:SnYAAOSw7l5n2EvG&itmprp=enc%3AAQAKAAAA4FkggFvd1GGDu0w3yXCmi1dodGWF0lbbZR9jSJkca8TWEX8dS%2BR9gHXQeifcq26Nnve4VWWeClby3vy%2B6LrmaKkZ%2Bmha2H0%2BMtASUkFyuo0DXAHBENyzx9koakSvNwe3yhypbadOapn3QXsJu%2BGQH3OH0EWp%2FKYwv3bKHjAuwHtpC3C9tejh9dwoKoPQ2Y4FdWp%2BYtF27tKdpLEERyDplFjtNPUl6uwUOfRc8vIEDuUF6a4chV02zRcwCpknVE0JCD8FP--T1YUl7bTVGQD6p%2BEH4AjK%2BV9Y6%2BZM5bX99mn%2B%7Ctkp%3ABk9SR_6Ni_vEZQ
Apple MacBook Pro 2021 A2485 16in M1 Pro 10 CPU 16 GPU 16GB RAM 512GB SSD Good,$791.31,https://www.ebay.com/itm/296196553045?_skw=macbook&itmmeta=01JRKV2RVJ2TPX2Y4ZSXWVM9WJ&hash=item44f6b0b955:g:1PcAAOSwIGhmmY0L&itmprp=enc%3AAQAKAAAA4FkggFvd1GGDu0w3yXCmi1feoQ4FmxqjJ0j5M8EKQnxEk5o0mMh7mPvc4hL1kl%2BXUKLBA3lN6Z%2BlvctlfHLFq9ufFhuGc1bVBAXgtlgiowtxRXM6oxXZMVNSFiIT0ApYsmSsTOPXwJC4C48Xgt3wACm1t91OpID9bVopA5NUt8MmZRSF9zE0YKfYK6j6svVevyvFlQXJpnIPLCYWviGqhb%2BezgLndbzvuhXuVcdzptoORr8tKWm7EgYOyydmPrL0RRtJc2irj9T79s6OPvo1QIAXSKFX2wivJ9V556Y6KSNl%7Ctkp%3ABFBM_o2L-8Rl
"Apple Macbook Pro 16"" Core i9-9980HK 64GB RAM 1TB MVVM2LL/A AMD Radeon Pro 5600M",$776.99,https://www.ebay.com/itm/276876239222?_skw=macbook&epid=16055220857&itmmeta=01JRKV2RVJZ49QFFCJ8GN8EZKM&hash=item40771c2176:g:yAEAAOSwBOtmATf9&itmprp=enc%3AAQAKAAAA4FkggFvd1GGDu0w3yXCmi1egdZ9kyJZzKTRmdZrMC0KXF%2F2OJL1DTVdd8IAFGSKgvIpKfZ2VZFHOuDDlLGvJWON45bd%2B4TLOUVgGoo30zV8dtOuMuB%2BXY0tBmVW2%2Fe8awIXRSbnW5wJFzgQ3%2F13C3GY4b8zh6sNsikIaLS1EmtG%2BmDvrq7FyhXJPH4lthAeP3xJj1raRl9mc7qzrCad1xfLhapcEWEb0d%2BdnKjG8fxgp9GEHPCiQgZ6pmLHET6dZx8B6oowl96i5ZsQ%2BV30qtRPnu1MLPWOl3Lo8XU7ClBgB%7Ctkp%3ABFBM_o2L-8Rl
"Apple MacBook Pro 16"" i7/i9 9th Gen 16GB RAM 500GB/1TB SSD 2019, G",$486.38 to $517.50,https://www.ebay.com/itm/116113164662?_skw=macbook&itmmeta=01JRKV2RVJSYQGC80G9M8R3G4B&hash=item1b08e24976:g:fhIAAOSwfgFn4pHl&itmprp=enc%3AAQAKAAAAwFkggFvd1GGDu0w3yXCmi1d3zf8mMcKmLKegfQcz%2Fo6mTPIjmDnOA%2BnvI8TIxJyRlPdpFdgdFP%2Bb3vzTd75WeyXFkzkztGNrhp%2FzFeKEBEmmKOxbdbRUy2skOCvA8SFM2ltXXwkrW5c9W4M9AMmTuiS2ztlESr8ltIGZVcPNr25dgaY%2BfS3AE%2BBYmoE8b4oIYAnFrNkgmXeQD8aTb2o%2FZur4%2B%2FVdUotZ3NDpD4XVKZgVZvmX5b4rL4UfS2uaRYYigw%3D%3D%7Ctkp%3ABk9SR4COi_vEZQ
MacBook Pro 13 Silver 2017 2.3 GHz Intel Core i5 8GB 256GB SSD Good Condition,$226.99,https://www.ebay.com/itm/274977473983?_skw=macbook&itmmeta=01JRKV2RVKPMAM33PR78T0H3CS&hash=item4005ef45bf:g:x5sAAOSwn6BmgusI&itmprp=enc%3AAQAKAAAAwFkggFvd1GGDu0w3yXCmi1cAY0FPJlIRJ6cUgDsKittdot0BYAP%2FrgdViwx8Ncx0k5disg%2FypwuLsN6hH57%2BSP3L%2BwmMHZ1EHAR%2FpRLj9KbDr0ANzk%2FJfb4zoUXXe4DyWDSEo8VdXo3YZ35u%2BYq3w2SzwUh6gcVrY%2F8HeZCgQxwqzp54zj3pGbgfIuBtjlG6PIrgFtVlakPHReYIrePezdM9hO8ST9s3zaIzZbDnVuuOvd3TID1ntjk7xYJ8Gko%2BzQ%3D%3D%7Ctkp%3ABk9SR4COi_vEZQ
"Apple MacBook Air 2024 13.6"" Apple M3 10-Core GPU 512GB SSD 16GB RAM Midnight",$949.99,https://www.ebay.com/itm/335900335906?_skw=macbook&epid=19076639564&itmmeta=01JRKV2RVKBXHR1BPDV01NNVK5&hash=item4e35385f22:g:6RwAAeSw7nJn8~JZ&itmprp=enc%3AAQAKAAAAwFkggFvd1GGDu0w3yXCmi1eBiVFHU8XorW2Jo9t3KnA%2Fs4vpE6CM29f9bUSrkCASmD%2BFrbUT3Gtl37TgLwNBId6B1LPjiLmFmPVxBVKs71e%2BZnCLPSV6OaRWm1eswUIh58%2BSkR83zzr0IOTjAgkOC4mjqPQ7LPvLBDR7m9IP2OxpZfvLr39VJ1vUvvuBKhjgSJAghkK4ME1PVrbo6hsL%2F1CNFQtI1xdZs3lJjQhfQGHICzz0yXblvcj6Bkkgj9Bz4A%3D%3D%7Ctkp%3ABk9SR4COi_vEZQ
"Apple MacBook Air 13"" M1 2020 All Storage 8GB 16GB RAM Gray Gold Silver - Good",$521.99 to $678.99,https://www.ebay.com/itm/156323378635?_skw=macbook&itmmeta=01JRKV2RVKEFGZ364GRGHSRDAN&hash=item24659975cb:g:doMAAOSwWglmo~J8&itmprp=enc%3AAQAKAAAA4FkggFvd1GGDu0w3yXCmi1fTlLl5tz9z2%2F79xLd6xiy1klov0b8qAs32U5yzJEL56IOYMwACRS4qLpI5sSpskUrgvu84VH51Xql0k5ZzuBvGcWXaQjgn%2FFXp49fg13LlaWloWzPbazENTRosKpfiZW7jrLgMmV%2BRf3O00QVihfFEy0B4R76UzAbAiHkDA1wXOR19t5%2BFdQ6r04frMgENlyrvSraU5SQxomteJGxmk2WoRCrCz0wcRyxXVfXN5sq1reQahfRz566MDvGYvrw8fI%2BLJZUfSxiBe9ncTCpbBR%2F7%7Ctkp%3ABk9SR4COi_vEZQ
Apple MacBook Pro 2021 16in M1 Pro 10 CPU 16 GPU 16GB RAM 1TB SSD Very Good,$899.59,https://www.ebay.com/itm/305270913409?_skw=macbook&epid=11050299618&itmmeta=01JRKV2RVKFENN9G1NTH0SHG7Q&hash=item4713907981:g:RhMAAOSwMGRmmYzr&itmprp=enc%3AAQAKAAAA4FkggFvd1GGDu0w3yXCmi1c3G2JEYv6ifkIa%2BaPdWSZ%2FBypbct1nar7lzCW7wO6Reude9pIgzix0xSRDkmpy6Qp%2B5OISzDmk0saEKKi5LzmHhv5qkaYPdn1BA3Tu7IpMGnEpjW9QXJuV5UEwizxfLlEUyzK%2BhjXK2EdH2NJOZ%2BQYcYl5iBibLBJ9m5vLJdqkeMNhQQ5TNe21fwNV1E8Fv%2B8tvDNX03ty%2FGvGGenLUJj4ytNe7tBgtP2t%2F4UJ7vscKYl98zBvhftBTK1FvKJvCO2QUq%2BNmYv89CC2leRlzT8C%7Ctkp%3ABk9SR4COi_vEZQ
"13"" Apple MacBook Pro 2020 M1 Chip 8-Core 16GB RAM 256GB SSD Sequoia Gray - Good",$549.00,https://www.ebay.com/itm/296700241213?_skw=macbook&itmmeta=01JRKV2RVK2GTDT355YS4DA2R7&hash=item4514b6653d:g:U6gAAOSwj0Rno3rw&itmprp=enc%3AAQAKAAAA4FkggFvd1GGDu0w3yXCmi1f1AxfAowWeKtlXM9Ge08TB6jw2OBfa9VlT1nAQ8Dq6eytMy9iKumClzMpc3RLNyA%2BOTmCWguNXO71g55a9G9MmLLoJwBnYd18EZqABbL5Tkd%2FIlmQsqUBUv4mzqmgqZ7336NoCPTnOAGBL6Psqk%2Fn0vtHXhTFaa%2FrqY%2F8scY%2BNP6EaaRMr%2FuZPfRGiLGRy88889%2BeuKtRXUboQUH3XzH6KhzX%2FIMyjPcX552YX5KsdNDXj2X3IRrW9QBlDx5ck6nsEp%2FGSVVR8xqAU0YmTD4Yt%7Ctkp%3ABk9SR4COi_vEZQ
"13"" Apple MacBook Pro 2.0GHz Intel Core i5 16GB RAM 1TB SSD 2020 Silver - Good",$443.99,https://www.ebay.com/itm/306203324272?_skw=macbook&itmmeta=01JRKV2RVKYMFG60PVHY84NRA1&hash=item474b23ef70:g:~eYAAOSwYpNn5Bkr&itmprp=enc%3AAQAKAAAA4FkggFvd1GGDu0w3yXCmi1fPVRpXC3NylLYASOUj5%2B7OI7LwGdsCXTN315zI%2Fv72i4FlNwbPP%2FUa1SP7AKQTReKL7WQwp9JzWmDt6WvZbKca%2BN2qYuA8EE%2FcFIWi%2BgID5a7IMJ9AFVGAIO7zNx1grRQ4jU81NFBYiaiCmJmsK9N3OIdC4rqhdYn4Vhj1RvHq6xj3LtbEqJV1%2FpYot4gcwCxrxZn5huPL1jlzfTw3%2Bj2mIGS1UE5n47QW9MmwoNtPVTv1G3LPWLXlRpIw7lAwbYTYro7Q5iSIwqqHk6MWrpsc%7Ctkp%3ABk9SR4COi_vEZQ
"Sequoia NEW OS 2019-20+ Apple MacBook Pro 13"" 3.9GHz i5 Turbo 8GB RAM 256GB SSD",$450.00,https://www.ebay.com/itm/226681492836?_skw=macbook&itmmeta=01JRKV2RVK44GR83WPSEK5A2NX&hash=item34c7451564:g:9q8AAOSwjpdn9D7b&itmprp=enc%3AAQAKAAAAwFkggFvd1GGDu0w3yXCmi1fYKKG6sWMxsc5FngPrOaPSFHvb77Kc23Q3%2FY%2BEVKBBmEsFlqJNkbuDveA8GYBPG2sf4AZXj2ItKCgQYQTN%2Bk9aGJlvJjZ5iAZjp19v53lFwQSFDTiJ1%2FX0r0ELQ347A6pV2xCpuqz%2B%2BLnOOb0yoQPghBGuP4tTj4aWlhaKEDmTFBceOZyOE%2FpdCMhdDdKccK2tr4f3zbnd6O4CiQVwLzw13Djs4u1mzRy3jl9h04gZtw%3D%3D%7Ctkp%3ABk9SR4COi_vEZQ
"2020 Apple 13'' Macbook Air Core i7 1.2GHz 16GB 512GB SSD MVH22LL/A, Gray, Good",$369.99,https://www.ebay.com/itm/256871157808?_skw=macbook&epid=5057897245&itmmeta=01JRKV2RVKM9RTWFPAFFNEKY80&hash=item3bceb6d030:g:A1EAAOSwcwxnzn21&itmprp=enc%3AAQAKAAAA4FkggFvd1GGDu0w3yXCmi1dIn0bIm1NmFupSFXAdWX%2FDu%2BcT1qtcpxBNG4mpEk8acwyeUZpHDmZlPmUdZNOwt5wWVvnnR0hRhp0%2B8pwCTUgBFloykKpaLRDgHOzKUjJuHebvVYMGr%2BlaflOgMD52XNcEO1plwvEaQeeXAKeeBH3LAAyzkh7kRzq%2FjqUdZFGmYOX8vxej1zhtlcKsrF5zxxmsC8v7xqHa4mh9LYxYmq8IGk2ThBF%2BzUo192V4LDSWnszSDM0y2P21F9nXAyIOsVHAFQTPVTZAamgszOTU4dQf%7Ctkp%3ABk9SR4COi_vEZQ
"Apple MacBook 12"" - Core m3 | m5 | m7 - 8GB RAM - 256GB | 512GB SSD - Good",$194.95 to $254.95,https://www.ebay.com/itm/256857416762?_skw=macbook&itmmeta=01JRKV2RVK5ZZPBPQP02EDKHWA&hash=item3bcde5243a:g:0fsAAOSwnb5n0zBP&itmprp=enc%3AAQAKAAAAwFkggFvd1GGDu0w3yXCmi1dLuLk5%2BTBI7TpotL2EsVaeycRaaqiIkyHUDcBJ2LrNS2I6euSrPW2k741dXj6ssSZiAt3%2FZzZhOxmVep3BEEPdXFic%2BKFge5CYY2e1hZMENznHAbqcbaEZTQfCRvWd66FeWiyyZs0eK%2BgXFV5IqjJKBA1ZzV970K2PQ7%2BPjdM0lsrYEsz21xU0%2B52aCHLh0ZLGKmGl%2BDsqzQcs9TUVGWnROR0Y%2FDVsFpOWs5Sil8rqfQ%3D%3D%7Ctkp%3ABk9SR4COi_vEZQ
2020 Macbook Air M1,$560.05,https://www.ebay.com/itm/197129544925?_skw=macbook&itmmeta=01JRKV2RVK1QRF56VB3GWYPVYM&hash=item2de5d624dd:g:ijEAAeSwxQtnrIp0&itmprp=enc%3AAQAKAAAAwFkggFvd1GGDu0w3yXCmi1eh%2B2nmyfQYgFS04dVM9onBKPnhdGmlz68u9aXOMFwFvl5y5NqzdM%2FquxYy%2BZDTEeRIvh5%2BiO2F65w7y7RZdD95UFpaoKY06YDDE%2Fz62SL%2F0hi0roNO64orW0yN5wY5Rm6JLRAgoCj7YwzGMVCWYc%2F%2BmVFXXbRxwre%2FON%2FcISBIZhyRT7Y3InCUtSWrNoFLN%2BsRmlZq%2BgGuSRy%2FNJZ8QFU9UYes1N5l%2FCnwhr0qIZIkjw%3D%3D%7Ctkp%3ABk9SR4COi_vEZQ
Apple MacBook Pro A2141 i7-9750H 32GB RAM 512GB SSD Radeon Pro 5300M - Silver,$399.99,https://www.ebay.com/itm/156757819879?_skw=macbook&itmmeta=01JRKV2RVKHT9VA7Y2JJVEWTK1&hash=item247f7e81e7:g:8R8AAeSwWyhnxhUy&itmprp=enc%3AAQAKAAAAwFkggFvd1GGDu0w3yXCmi1e94gR0%2FAfhE4Yxb%2Br21SfK3cuLYW9YjcO%2F4qTtdqQ0T9%2Bng79RlNBYd40ojerUbPPhlL%2FREAP4MH6nJ1%2BNS7C9NeOCkKY%2Ff4P21f91%2BtLpfYP8tmNXvED3oIydDcA3z6SOtmVttPzF0u%2BkH8olp%2Fc2NtF3mILnyQOZkqDSjefSacOWk1%2F5YCbNsNSDkpxqk6Pp7c6WdAeCfpAX4Jd2dbFfwXuDP8mHUCYE8XH80PGT7w%3D%3D%7Ctkp%3ABk9SR4COi_vEZQ
"11"" Apple MacBook Air 1.6GHz Intel Core i5 8GB RAM 256GB SSD 2015 Monterey Good!",$134.10,https://www.ebay.com/itm/127031040495?_skw=macbook&itmmeta=01JRKV2RVKFADPMT3Y3K8VMF6W&hash=item1d93a3d9ef:g:6qQAAOSwFa1n7pv5&itmprp=enc%3AAQAKAAAAwFkggFvd1GGDu0w3yXCmi1dqbyFUd%2Futp%2BZSH4ccWqBerLl5wcaOPSHxJAgSC%2B4KTWP3JpDeE4zSgO2sXy%2BzLIudPC55gTbq53lchPOePt5vkdYzSK8wlmxhUq1JXQ3HFR3qutxof44Uh7F4ft8O7Ak62afC8rLgpqtyDxHGXKUAqieHxTPEsSTTz17n3NdIPjt7Flajs0AF2l1vdKJ1axCywTpI6IRCLhZT0THQM1g5N6dDfHoTgtmbEqAH1t%2F9vw%3D%3D%7Ctkp%3ABk9SR4COi_vEZQ
"Apple MacBook Air M1 8GB RAM 256GB SSD 13.3"" MGN63LL/A Space Gray Grade A",$484.43,https://www.ebay.com/itm/387697824884?_skw=macbook&itmmeta=01JRKV2RVKEEH0BRMT4FMEERRH&hash=item5a44975474:g:3z4AAOSwpV1nczWZ&itmprp=enc%3AAQAKAAAA4FkggFvd1GGDu0w3yXCmi1d6kghBUzieJQXFCd6%2F6aPHGXT5JEfCY3qGj0oRihOASlEIIzLfsJt1kLw3TuJHXai2HnvxcpxfTNogEAETMv%2Fr89QneWNtm5NBgej%2BLadOUGrqeHkKRqjQ9kmOd7NIHjLroLwtWuLz9bMZo7WsFV31Mau4Gxo7HaP6kkRZvLMyiAxwuZoC1DWNbLRw%2Fat4mKybYP%2BMKn9wRJk0C1AwmZuPqm4JrcabpFex689QOmXopnAfLCnzUzVhQxsTc5iwHU7PT%2BQKeKV%2BOSHe2mcia1%2FO%7Ctkp%3ABk9SR4COi_vEZQ
"Apple MacBook Pro A1990 15.4'' 2018 Core i7 2.2GHz 16GB RAM 256GB SSD,Gray, Good",$324.99,https://www.ebay.com/itm/266781541626?_skw=macbook&epid=3022303567&itmmeta=01JRKV2RVKGJF8RR8HQB2G0H3S&hash=item3e1d6b44fa:g:3GwAAOSw-0pmJ1QW&itmprp=enc%3AAQAKAAAA4FkggFvd1GGDu0w3yXCmi1c4%2Bzk3opseiWFJ8NDq3IkBe9qdeQK19PF3RWpbA5lkOlTcUbpuLY04bAob1ripd64e26jH%2F95bVTRzREKQCsCKh%2FOOr8yvBrzG4Mnv%2BigO0TrxhkWRJj%2Bypbpxpeok1FrjbXBzYt1bkbo04qm4gbTXJD4JIKwhUMS710C5YeJmvZeyxSODBMFnEvCtzWEf7Rec8he7orXYfEj%2FVwXE6PfmJyBb9SlzGiATlVI2q8bGsJfr3gWBp6hOzPveuNsO2U473rPGFqbD3LbmCfUoyv1E%7Ctkp%3ABk9SR4COi_vEZQ
MacBook Pro 13 Touch Bar 2019 i5 8GB 256GB SSD 1.4GHz Space Gray Good Condition,$298.99,https://www.ebay.com/itm/274946876384?_skw=macbook&itmmeta=01JRKV2RVK64KP997A2E0QBDC6&hash=item40041c63e0:g:1xcAAOSwME9mYhbd&itmprp=enc%3AAQAKAAAA4FkggFvd1GGDu0w3yXCmi1dE1coMlCS3jw%2By3fdP0RdjzbVFMuFqjD4Hsl8G5rj6c%2FzU1gGZGIvkUj%2FpcrrQ7D3WjegTP9sMwOiFbyRx1KrvaF43sK6vtbOMzXjFCHpV5XREgJKCk2jDd61JxZHyAZDipR4RkrTuymEAhiBbaQUG4XAlbJ7kTlVK1a1up9bdAeCNir3zAjgFMxKZp2Q%2BNxQ19LUEvVguBysnvcBR0fYTU%2FZcyJKlYApb0N2hcMtOhGYulxWNdNi%2BLVr8KQ0otFPBuELdJ32%2FDIXVeIEOJjR0%7Ctkp%3ABk9SR4COi_vEZQ
"Apple 2021 MacBook Pro 14"" M1 Pro (14-Core GPU) 16GB RAM 1TB SSD - Very good",$949.99,https://www.ebay.com/itm/296997905418?_skw=macbook&itmmeta=01JRKV2RVK7HKAWH22ESCJHBK8&hash=item452674640a:g:GiAAAOSwFO9m4fQy&itmprp=enc%3AAQAKAAAA4FkggFvd1GGDu0w3yXCmi1d52dRiHpUZlD5rX64WNUAQIcwhN0nWhZ59luxUMDOF4lW0yCL9j%2BeS6YnYky3gBw5bXqiQIFwulHHWTxlShywfqA%2B4IV4GqB0n8y0jsAJz7NcPUE0XBtSKp81YG8d1m%2BczUDIEEjXAgNsZJjrMmJRHXOe5elZ%2F5aBZ5GaTAkShpDXoAZxh8awWYA0x12cef3zDfh7HgYLGGCaZ2m%2BSYp60XspKE4YG84M%2BiKjBDah4xDrmVSzBy3etXER7zaowl%2BwDMFktohv2pWGyp2Xlh776%7Ctkp%3ABk9SR4COi_vEZQ
MacBook Pro 14 2021 M1 Pro A2442 8-Core CPU 14-Core GPU 16GB 512GB Space Gray,$772.99,https://www.ebay.com/itm/286087111331?_skw=macbook&itmmeta=01JRKV2RVKRSVEHV2VKKN1F2TP&hash=item429c1ee2a3:g:pIgAAeSw7pZnpYvi&itmprp=enc%3AAQAKAAAA4FkggFvd1GGDu0w3yXCmi1dPYmVssFuRYgqKyeDVfTvxI5FZhv%2F7xQTDfsuFVUOuXyiA2m5zgm6dVZQVrDiIq2RgqxxTcA3jCBNiE8hxJnI7shS%2FiX7mVcpSYTBTs1yJzYpChTdqNF%2FGIkizgWEwNDylyu83mJUT08%2BkA9JUEmw6d2AxSBIvrH%2BxIsPVPI7p0IxLJYZFhOdzonioUFmcNk8nz9%2Bf9bZ8HtFLM%2FzB7%2BULsE%2FJF7emkkRMUzTwQjjM%2BvquiQ6UUezzemYTDgELgVxNeqlbeB3UfjcAF3Z2rftz%7Ctkp%3ABk9SR4COi_vEZQ
"Apple MacBook Pro 2019 16"" Core i9 2.4GHz 64GB RAM 1TB SSD Pro 5600M 8GB, Great",$775.99,https://www.ebay.com/itm/267161740277?_skw=macbook&epid=16055220857&itmmeta=01JRKV2RVK6QR5YNFH0KQD4ENB&hash=item3e3414a3f5:g:isQAAOSw4bBmATf8&itmprp=enc%3AAQAKAAAA4FkggFvd1GGDu0w3yXCmi1fFK5HP7HRvwclIezOZxx%2BIcvWiHYDBxrwWb8ZXwTQWDukoi%2BJOFHf2NgnqHSE9854HQG2sWMMi7Cr5TSnep9KROLTbSOB9PDnLOa6VIOwIQg2G3GMWE3%2BZuxF6e3mwzQHC3Rdi%2FRChb6fTTStY%2F029OMHtoEu6jFKVDe2FnQCSb0PqJJDa6fLXC7JtN42hYsW6eJxbeMaE8NeChCm%2FQeroZMQFu8yBfA5QDrJ13cFcUm20Fn4dJdhgL54a%2FblV%2FUeNU%2FwOw4j3LNtYgKLz38Qs%7Ctkp%3ABFBMgI6L-8Rl
